code,previous,close,trading_value,listed_shares,market_cap,stock_return,sector
AADI,8425.0,8475.0,63392472500.0,7786891760.0,65993907666000.0,0.005934718100890191,Energy
AALI,6300.0,6300.0,2950782500.0,1924688333.0,12125536497900.0,0.0,Consumer Non-Cyclicals
ABBA,30.0,30.0,0.0,3935892857.0,118076785710.0,0.0,Consumer Cyclicals
ABDA,3400.0,3400.0,4420000.0,620806680.0,2110742712000.0,0.0,Financials
ABMM,2390.0,2420.0,724901000.0,2753165000.0,6662659300000.0,0.012552301255230214,Energy
ACES,346.0,346.0,2188128400.0,17120389700.0,5923654836200.0,0.0,Consumer Cyclicals
ACRO,62.0,63.0,286657600.0,3469345537.0,218568768831.0,0.016129032258064502,Consumer Cyclicals
ACST,77.0,78.0,9443300.0,17675160000.0,1378662480000.0,0.01298701298701288,Infrastructures
ADCP,50.0,50.0,0.0,22222222200.0,1111111110000.0,0.0,Properties & Real Estate
ADES,34925.0,34125.0,1337122500.0,589896800.0,20130228300000.0,-0.0229062276306371,Consumer Non-Cyclicals
ADHI,162.0,163.0,1618705600.0,8407608979.0,1370440263577.0,0.006172839506172867,Infrastructures
ADMF,8075.0,8150.0,444737500.0,1235803109.0,10071795338350.0,0.009287925696594534,Financials
ADMG,222.0,216.0,381996200.0,3889179559.0,840062784744.0,-0.027027027027026973,Basic Materials
ADMR,1500.0,1515.0,25440430500.0,40882331500.0,61936732222500.0,0.010000000000000009,Energy
ADRO,2480.0,2480.0,67238647000.0,28800494200.0,71425225616000.0,0.0,Energy
AEGS,39.0,41.0,271035800.0,1006080721.0,41249309561.0,0.05128205128205132,Consumer Cyclicals
AGAR,260.0,324.0,316807200.0,1000000000.0,324000000000.0,0.24615384615384617,Consumer Non-Cyclicals
AGII,3180.0,3010.0,1551136000.0,3066660000.0,9230646600000.0,-0.053459119496855334,Basic Materials
AGRO,142.0,145.0,635284300.0,24493093216.0,3551498516320.0,0.021126760563380254,Financials
AGRS,60.0,59.0,165088200.0,47367057874.0,2794656414566.0,-0.01666666666666672,Financials
AHAP,93.0,94.0,1318926700.0,4900000000.0,460600000000.0,0.010752688172043001,Financials
AIMS,436.0,428.0,40973600.0,220000000.0,94160000000.0,-0.01834862385321101,Energy
AISA,111.0,109.0,81906300.0,9311800000.0,1014986200000.0,-0.018018018018018056,Consumer Non-Cyclicals
AKKU,38.0,38.0,0.0,6449463636.0,245079618168.0,0.0,Consumer Cyclicals
AKPI,505.0,496.0,101727000.0,612248000.0,303675008000.0,-0.017821782178217838,Basic Materials
AKRA,1340.0,1350.0,20872550500.0,20073474600.0,27099190710000.0,0.00746268656716409,Energy
AKSI,212.0,222.0,254019600.0,720000000.0,159840000000.0,0.04716981132075482,Transportation & Logistic
ALDO,690.0,680.0,11071500.0,2700713744.0,1836485345920.0,-0.01449275362318836,Basic Materials
ALII,755.0,750.0,727584500.0,15825800000.0,11869350000000.0,-0.0066225165562914245,Energy
ALKA,505.0,615.0,1316534000.0,507665055.0,312214008825.0,0.2178217821782178,Basic Materials
ALMI,74.0,74.0,0.0,3816000000.0,282384000000.0,0.0,Basic Materials
ALTO,18.0,18.0,0.0,2191870558.0,39453670044.0,0.0,Consumer Non-Cyclicals
AMAG,386.0,392.0,50724600.0,5001552516.0,1960608586272.0,0.015544041450777257,Financials
AMAN,264.0,264.0,197777200.0,3873500000.0,1022604000000.0,0.0,Properties & Real Estate
AMAR,206.0,206.0,37305400.0,18197283760.0,3748640454560.0,0.0,Financials
AMFG,3090.0,3060.0,1842000.0,434000000.0,1328040000000.0,-0.009708737864077666,Industrials
AMIN,242.0,242.0,1381600.0,1080000000.0,261360000000.0,0.0,Industrials
AMMN,3660.0,3760.0,291265344000.0,72518217656.0,272668498386560.0,0.02732240437158473,Basic Materials
AMMS,312.0,308.0,6671000.0,1235296802.0,380471415016.0,-0.012820512820512775,Consumer Non-Cyclicals
AMOR,332.0,334.0,63071200.0,2222222400.0,742222281600.0,0.006024096385542244,Financials
AMRT,1400.0,1360.0,41025064500.0,41524501700.0,56473322312000.0,-0.02857142857142858,Consumer Non-Cyclicals
ANDI,18.0,18.0,72750900.0,9350000000.0,168300000000.0,0.0,Consumer Non-Cyclicals
ANJT,1455.0,1535.0,107203000.0,3354175000.0,5148658625000.0,0.054982817869415834,Consumer Non-Cyclicals
ANTM,2920.0,3040.0,468182508000.0,24030764725.0,73053524764000.0,0.041095890410958846,Basic Materials
APEX,144.0,139.0,2256555900.0,3546466661.0,492958865879.0,-0.03472222222222221,Energy
APIC,635.0,635.0,613522500.0,11766313488.0,7471609064880.0,0.0,Financials
APII,182.0,182.0,345800.0,1075760000.0,195788320000.0,0.0,Industrials
APLI,244.0,246.0,22294400.0,1362671400.0,335217164400.0,0.008196721311475308,Basic Materials
APLN,126.0,137.0,40305687700.0,22699326779.0,3109807768723.0,0.08730158730158721,Properties & Real Estate
ARCI,1035.0,1055.0,48008011000.0,25235000000.0,26622925000000.0,0.019323671497584627,Basic Materials
AREA,244.0,244.0,216590000.0,2539601000.0,619662644000.0,0.0,Technology
ARGO,1015.0,1030.0,60394500.0,3174339029.0,3269569199870.0,0.014778325123152802,Consumer Cyclicals
ARII,270.0,268.0,43031800.0,3750000000.0,1005000000000.0,-0.007407407407407418,Energy
ARKA,22.0,22.0,0.0,2000000000.0,44000000000.0,0.0,Industrials
ARKO,4800.0,4780.0,3373807000.0,2928495000.0,13998206100000.0,-0.004166666666666652,Infrastructures
ARMY,50.0,50.0,0.0,9006250000.0,450312500000.0,0.0,Properties & Real Estate
ARNA,462.0,464.0,1092049000.0,7341430976.0,3406423972864.0,0.0043290043290042934,Industrials
ARTA,2420.0,2370.0,25443000.0,446674175.0,1058617794750.0,-0.02066115702479343,Consumer Cyclicals
ARTI,2.0,2.0,0.0,7840000000.0,15680000000.0,0.0,Energy
ARTO,1160.0,1250.0,29549294000.0,13722768400.0,17153460500000.0,0.07758620689655182,Financials
ASBI,422.0,428.0,214000.0,348386472.0,149109410016.0,0.014218009478673022,Financials
ASDM,510.0,505.0,37453500.0,384000000.0,193920000000.0,-0.009803921568627416,Financials
ASGR,1885.0,1905.0,2841769500.0,1348780500.0,2569426852500.0,0.010610079575596787,Industrials
ASHA,58.0,59.0,1341038000.0,5000000000.0,295000000000.0,0.01724137931034475,Consumer Non-Cyclicals
ASII,4880.0,4850.0,184207008000.0,40483553140.0,196345232729000.0,-0.006147540983606592,Industrials
ASJT,170.0,166.0,17865500.0,1400000000.0,232400000000.0,-0.02352941176470591,Financials
ASLC,60.0,64.0,1144517900.0,12746354780.0,815766705920.0,0.06666666666666665,Consumer Cyclicals
ASLI,184.0,198.0,2792414100.0,6250000000.0,1237500000000.0,0.07608695652173902,Infrastructures
ASMI,18.0,19.0,298345400.0,8958380460.0,170209228740.0,0.05555555555555558,Financials
ASPI,520.0,500.0,390667700.0,681823317.0,340911658500.0,-0.038461538461538436,Properties & Real Estate
ASPR,148.0,162.0,22192026900.0,2712000000.0,439344000000.0,0.09459459459459452,Basic Materials
ASRI,117.0,123.0,6353098500.0,19649411888.0,2416877662224.0,0.05128205128205132,Properties & Real Estate
ASRM,252.0,252.0,1083600.0,1277992036.0,322053993072.0,0.0,Financials
ASSA,615.0,625.0,1746291000.0,3691137517.0,2306960948125.0,0.016260162601626105,Transportation & Logistic
ATAP,600.0,620.0,1509589500.0,1250000000.0,775000000000.0,0.03333333333333344,Properties & Real Estate
ATIC,464.0,474.0,51961400.0,2315361355.0,1097481282270.0,0.02155172413793105,Technology
ATLA,50.0,50.0,15510000.0,6199577693.0,309978884650.0,0.0,Energy
AUTO,2520.0,2610.0,6871865000.0,4819733000.0,12579503130000.0,0.03571428571428581,Consumer Cyclicals
AVIA,324.0,328.0,3232223600.0,61953555600.0,20320766236800.0,0.012345679012345734,Basic Materials
AWAN,142.0,146.0,390043400.0,3435000000.0,501510000000.0,0.028169014084507005,Technology
AXIO,112.0,112.0,16464200.0,5840126500.0,654094168000.0,0.0,Technology
AYAM,354.0,360.0,18238007600.0,4000000000.0,1440000000000.0,0.016949152542372836,Consumer Non-Cyclicals
AYLS,144.0,152.0,1761091900.0,853423236.0,129720331872.0,0.05555555555555558,Basic Materials
BABP,50.0,50.0,10455000.0,44014333126.0,2200716656300.0,0.0,Financials
BABY,174.0,175.0,142548800.0,2854826582.0,499594651850.0,0.005747126436781658,Consumer Cyclicals
BACA,102.0,103.0,36378700.0,19753494636.0,2034609947508.0,0.009803921568627416,Financials
BAIK,670.0,665.0,7979010000.0,1127497572.0,749785885380.0,-0.007462686567164201,Consumer Cyclicals
BAJA,163.0,169.0,2968121000.0,1800000000.0,304200000000.0,0.036809815950920255,Basic Materials
BALI,1240.0,1235.0,2483500.0,3934592500.0,4859221737500.0,-0.0040322580645161255,Infrastructures
BANK,278.0,286.0,686250000.0,14793174908.0,4230848023688.0,0.02877697841726623,Financials
BAPA,266.0,312.0,61094709000.0,661784520.0,206476770240.0,0.1729323308270676,Properties & Real Estate
BAPI,17.0,16.0,304269500.0,5591980103.0,89471681648.0,-0.05882352941176472,Properties & Real Estate
BATA,59.0,59.0,0.0,1300000000.0,76700000000.0,0.0,Consumer Cyclicals
BATR,87.0,87.0,17494400.0,3025037353.0,263178249711.0,0.0,Basic Materials
BAUT,30.0,31.0,88099200.0,4800182969.0,148805672039.0,0.03333333333333344,Consumer Cyclicals
BAYU,1150.0,1150.0,17393000.0,353220780.0,406203897000.0,0.0,Consumer Cyclicals
BBCA,6125.0,6125.0,863771637500.0,122042299500.0,747509084437500.0,0.0,Financials
BBHI,910.0,925.0,163303000.0,21512953877.0,19899482336225.0,0.016483516483516425,Financials
BBKP,52.0,51.0,788601600.0,185819884852.0,9476814127452.0,-0.019230769230769273,Financials
BBLD,545.0,535.0,51279500.0,1645796054.0,880500888890.0,-0.01834862385321101,Financials
BBMD,1920.0,1920.0,0.0,4049189100.0,7774443072000.0,0.0,Financials
BBNI,3470.0,3460.0,119451776000.0,36924339786.0,127758215659560.0,-0.0028818443804035088,Financials
BBRI,2800.0,2830.0,518302220000.0,150043411587.0,424622854791210.0,0.010714285714285676,Financials
BBRM,117.0,117.0,2463611300.0,8479490328.0,992100368376.0,0.0,Energy
BBSI,4700.0,4710.0,26759000.0,3637976068.0,17134867280280.0,0.0021276595744681437,Financials
BBSS,99.0,95.0,15941700.0,4800016020.0,456001521900.0,-0.04040404040404044,Properties & Real Estate
BBTN,1190.0,1205.0,18524108500.0,13894099969.0,16742390462645.0,0.012605042016806678,Financials
BBYB,224.0,232.0,6744003800.0,13216977523.0,3066338785336.0,0.03571428571428581,Financials
BCAP,50.0,50.0,11255000.0,42618850927.0,2130942546350.0,0.0,Financials
BCIC,116.0,126.0,1772564200.0,17926071041.0,2258684951166.0,0.0862068965517242,Financials
BCIP,61.0,61.0,2168587200.0,1429915525.0,87224847025.0,0.0,Properties & Real Estate
BDKR,144.0,143.0,1866598300.0,4725101522.0,675689517646.0,-0.00694444444444442,Infrastructures
BDMN,4160.0,4160.0,2741759000.0,9675817341.0,40251400138560.0,0.0,Financials
BEBS,5.0,5.0,0.0,45000000000.0,225000000000.0,0.0,Basic Materials
BEEF,262.0,262.0,2011094600.0,8120249598.0,2127505394676.0,0.0,Consumer Non-Cyclicals
BEER,80.0,78.0,242731100.0,4000000000.0,312000000000.0,-0.025000000000000022,Consumer Non-Cyclicals
BEKS,21.0,20.0,130744400.0,51351733883.0,1027034677660.0,-0.04761904761904767,Financials
BELI,270.0,262.0,191052000.0,137218985689.0,35951374250518.0,-0.029629629629629672,Technology
BELL,112.0,117.0,5837378600.0,7250000000.0,848250000000.0,0.044642857142857206,Consumer Cyclicals
BESS,915.0,895.0,26518000.0,3440455528.0,3079207697560.0,-0.021857923497267784,Energy
BEST,99.0,100.0,447928700.0,9647311150.0,964731115000.0,0.010101010101010166,Properties & Real Estate
BFIN,780.0,760.0,6787490500.0,15039383620.0,11429931551200.0,-0.02564102564102566,Financials
BGTG,109.0,107.0,417634100.0,23731287132.0,2539247723124.0,-0.01834862385321101,Financials
BHAT,1770.0,1770.0,0.0,5000000000.0,8850000000000.0,0.0,Financials
BHIT,25.0,25.0,153604200.0,86068156705.0,2151703917625.0,0.0,Industrials
BIKA,55.0,55.0,0.0,592280000.0,32575400000.0,0.0,Properties & Real Estate
BIKE,510.0,510.0,0.0,1293916404.0,659897366040.0,0.0,Consumer Cyclicals
BIMA,82.0,82.0,0.0,608175716.0,49870408712.0,0.0,Consumer Cyclicals
BINA,3690.0,3900.0,528192000.0,6073369498.0,23686141042200.0,0.05691056910569103,Financials
BINO,96.0,98.0,20964600.0,2275316111.0,222980978878.0,0.02083333333333326,Industrials
BIPI,146.0,141.0,92601782500.0,63710196917.0,8983137765297.0,-0.03424657534246578,Energy
BIPP,70.0,68.0,4435854200.0,5028669376.0,341949517568.0,-0.02857142857142858,Properties & Real Estate
BIRD,1600.0,1605.0,690815500.0,2502100000.0,4015870500000.0,0.0031250000000000444,Transportation & Logistic
BISI,630.0,625.0,157388500.0,3000000000.0,1875000000000.0,-0.007936507936507908,Consumer Non-Cyclicals
BJBR,765.0,770.0,787694000.0,10416229249.0,8020496521730.0,0.006535947712418277,Financials
BJTM,510.0,510.0,1977482500.0,14865343101.0,7581324981510.0,0.0,Financials
BKDP,148.0,144.0,5216797000.0,7513992252.0,1082014884288.0,-0.027027027027026973,Properties & Real Estate
BKSL,64.0,65.0,15696007200.0,167708902705.0,10901078675825.0,0.015625,Properties & Real Estate
BKSW,51.0,52.0,12622900.0,34806467881.0,1809936329812.0,0.019607843137254832,Financials
BLES,140.0,143.0,116142500.0,8890206400.0,1271299515200.0,0.021428571428571352,Basic Materials
BLOG,352.0,354.0,18547000.0,3379487200.0,1196338468800.0,0.005681818181818121,Transportation & Logistic
BLTA,35.0,34.0,64487800.0,25940187103.0,881966361502.0,-0.02857142857142858,Transportation & Logistic
BLTZ,2600.0,2540.0,2540000.0,873937142.0,2219800340680.0,-0.023076923076923106,Consumer Cyclicals
BLUE,2850.0,2850.0,1209589000.0,418000000.0,1191300000000.0,0.0,Industrials
BMAS,474.0,476.0,3116200.0,17921635680.0,8530698583680.0,0.00421940928270037,Financials
BMBL,31.0,30.0,88748200.0,1030080995.0,30902429850.0,-0.032258064516129004,Consumer Cyclicals
BMHS,176.0,176.0,93413900.0,8603416176.0,1514201246976.0,0.0,Healthcare
BMRI,4160.0,4200.0,613364329000.0,92399999996.0,388079999983200.0,0.009615384615384581,Financials
BMSR,308.0,302.0,10181600.0,1159200024.0,350078407248.0,-0.01948051948051943,Basic Materials
BMTR,114.0,115.0,2878043900.0,16583997586.0,1907159722390.0,0.00877192982456143,Consumer Cyclicals
BNBA,760.0,745.0,23055500.0,3354120000.0,2498819400000.0,-0.019736842105263164,Financials
BNBR,89.0,86.0,66437544400.0,173416832509.0,14913847595774.0,-0.0337078651685393,Industrials
BNGA,1585.0,1585.0,2593965500.0,24890783784.0,39451892297640.0,0.0,Financials
BNII,190.0,190.0,307604200.0,75357433911.0,14317912443090.0,0.0,Financials
BNLI,2330.0,2330.0,106924000.0,35819545925.0,83459542005250.0,0.0,Financials
BOAT,111.0,111.0,165930600.0,3501680000.0,388686480000.0,0.0,Energy
BOBA,250.0,248.0,239772000.0,1155750000.0,286626000000.0,-0.008000000000000007,Consumer Non-Cyclicals
BOGA,1500.0,1500.0,15465000.0,3803526210.0,5705289315000.0,0.0,Consumer Cyclicals
BOLA,158.0,162.0,37181000.0,6000000000.0,972000000000.0,0.025316455696202445,Consumer Cyclicals
BOLT,805.0,790.0,13006000.0,2343750000.0,1851562500000.0,-0.018633540372670843,Consumer Cyclicals
BOSS,50.0,50.0,0.0,1400000000.0,70000000000.0,0.0,Energy
BPFI,246.0,244.0,1502400.0,2673995362.0,652454868328.0,-0.008130081300813052,Financials
BPII,454.0,442.0,1857800.0,9884153240.0,4368795732080.0,-0.026431718061673992,Financials
BPTR,68.0,68.0,111231900.0,3534000000.0,240312000000.0,0.0,Transportation & Logistic
BRAM,4470.0,4550.0,5462000.0,450056980.0,2047759259000.0,0.017897091722595126,Consumer Cyclicals
BREN,3380.0,3430.0,75873242000.0,133786220000.0,458886734600000.0,0.014792899408283988,Infrastructures
BRIS,1735.0,1730.0,16642016000.0,45667877639.0,79005428315470.0,-0.0028818443804035088,Financials
BRMS,575.0,555.0,223639922500.0,141784040338.0,78690142387590.0,-0.034782608695652195,Basic Materials
BRNA,640.0,615.0,351973000.0,979110000.0,602152650000.0,-0.0390625,Basic Materials
BRPT,1690.0,1690.0,159345824500.0,93747218044.0,158432798494360.0,0.0,Basic Materials
BRRC,61.0,61.0,198342800.0,994603036.0,60670785196.0,0.0,Consumer Non-Cyclicals
BSBK,52.0,52.0,424910700.0,25091882375.0,1304777883500.0,0.0,Properties & Real Estate
BSDE,565.0,555.0,8381929500.0,21171365812.0,11750108025660.0,-0.017699115044247815,Properties & Real Estate
BSIM,695.0,695.0,11286000.0,19517921842.0,13564955680190.0,0.0,Financials
BSML,515.0,520.0,9683896500.0,1850225000.0,962117000000.0,0.009708737864077666,Energy
BSSR,4260.0,4310.0,3663035000.0,2616500000.0,11277115000000.0,0.011737089201877993,Energy
BSWD,1360.0,1250.0,250000.0,3651978177.0,4564972721250.0,-0.08088235294117652,Financials
BTEK,10.0,10.0,454594900.0,46277496376.0,462774963760.0,0.0,Consumer Non-Cyclicals
BTEL,50.0,50.0,0.0,38330244255.0,1916512212750.0,0.0,Infrastructures
BTON,352.0,350.0,659600.0,720000000.0,252000000000.0,-0.005681818181818232,Basic Materials
BTPN,2180.0,2200.0,44013000.0,10536203690.0,23179648118000.0,0.00917431192660545,Financials
BTPS,1030.0,1035.0,3148167500.0,7626663000.0,7893596205000.0,0.004854368932038833,Financials
BUAH,520.0,520.0,130281000.0,2000000000.0,1040000000000.0,0.0,Consumer Non-Cyclicals
BUDI,208.0,206.0,4175200.0,4498997362.0,926793456572.0,-0.009615384615384581,Consumer Non-Cyclicals
BUKA,100.0,106.0,28905179100.0,103167090767.0,10935711621302.0,0.06000000000000005,Technology
BUKK,1125.0,1110.0,180342500.0,2640452000.0,2930901720000.0,-0.013333333333333308,Infrastructures
BULL,370.0,364.0,51733131400.0,15494436593.0,5639974919852.0,-0.01621621621621616,Energy
BUMI,149.0,148.0,196225723100.0,371335392068.0,54957638026064.0,-0.006711409395973145,Energy
BUVA,835.0,850.0,149550780000.0,24617054642.0,20924496445700.0,0.017964071856287456,Consumer Cyclicals
BVIC,81.0,82.0,112765500.0,18235266754.0,1495291873828.0,0.012345679012345734,Financials
BWPT,75.0,75.0,2146474400.0,31525291000.0,2364396825000.0,0.0,Consumer Non-Cyclicals
BYAN,11425.0,11500.0,1067647500.0,33333335000.0,383333352500000.0,0.006564551422319376,Energy
CAKK,138.0,138.0,34086200.0,1203300219.0,166055430222.0,0.0,Industrials
CAMP,169.0,169.0,43828800.0,5885000000.0,994565000000.0,0.0,Consumer Non-Cyclicals
CANI,135.0,135.0,0.0,833440000.0,112514400000.0,0.0,Energy
CARE,428.0,428.0,147933600.0,33250000000.0,14231000000000.0,0.0,Healthcare
CARS,82.0,85.0,425125400.0,15000000000.0,1275000000000.0,0.03658536585365857,Consumer Cyclicals
CASA,1965.0,1800.0,353892500.0,54476269803.0,98057285645400.0,-0.08396946564885499,Financials
CASH,210.0,202.0,587941600.0,1431125517.0,289087354434.0,-0.03809523809523807,Technology
CASS,1890.0,1870.0,11608000.0,2086950000.0,3902596500000.0,-0.010582010582010581,Infrastructures
CBDK,3440.0,3500.0,6502727000.0,5668944500.0,19841305750000.0,0.01744186046511631,Properties & Real Estate
CBMF,50.0,50.0,0.0,1875000000.0,93750000000.0,0.0,Consumer Cyclicals
CBPE,284.0,282.0,2895600.0,1356250000.0,382462500000.0,-0.007042253521126751,Properties & Real Estate
CBRE,700.0,695.0,5848417000.0,4538067441.0,3153956871495.0,-0.0071428571428571175,Energy
CBUT,790.0,795.0,46596000.0,3125000000.0,2484375000000.0,0.006329113924050667,Consumer Non-Cyclicals
CCSI,250.0,246.0,45704200.0,1333333331.0,327999999426.0,-0.016000000000000014,Industrials
CDIA,635.0,635.0,14256152500.0,124829374700.0,79266652934500.0,0.0,Infrastructures
CEKA,2170.0,2170.0,29636000.0,595000000.0,1291150000000.0,0.0,Consumer Non-Cyclicals
CENT,75.0,74.0,39655700.0,31183464900.0,2307576402600.0,-0.013333333333333308,Infrastructures
CFIN,338.0,334.0,405496600.0,3984520457.0,1330829832638.0,-0.011834319526627168,Financials
CGAS,148.0,154.0,1595884000.0,1771499039.0,272810852006.0,0.04054054054054057,Energy
CHEK,125.0,126.0,155599300.0,4113331485.0,518279767110.0,0.008000000000000007,Healthcare
CHEM,65.0,65.0,1157650600.0,1700014594.0,110500948610.0,0.0,Basic Materials
CHIP,940.0,940.0,102404500.0,806000000.0,757640000000.0,0.0,Technology
CINT,166.0,166.0,12989000.0,1000000000.0,166000000000.0,0.0,Consumer Cyclicals
CITA,3130.0,3150.0,125188000.0,3960361250.0,12475137937500.0,0.006389776357827559,Basic Materials
CITY,165.0,169.0,695643800.0,5405188966.0,913476935254.0,0.024242424242424176,Properties & Real Estate
CLAY,2530.0,2520.0,37016000.0,2570000000.0,6476400000000.0,-0.0039525691699604515,Consumer Cyclicals
CLEO,378.0,384.0,1317053200.0,24000000000.0,9216000000000.0,0.015873015873015817,Consumer Non-Cyclicals
CLPI,1510.0,1505.0,42486000.0,306338500.0,461039442500.0,-0.0033112582781457123,Basic Materials
CMNP,1360.0,1345.0,129184500.0,6696354391.0,9006596655895.0,-0.011029411764705843,Infrastructures
CMNT,785.0,790.0,17617214500.0,17125504000.0,13529148160000.0,0.006369426751592355,Basic Materials
CMPP,69.0,69.0,0.0,10685124441.0,737273586429.0,0.0,Transportation & Logistic
CMRY,4650.0,4650.0,3839070000.0,7934683000.0,36896275950000.0,0.0,Consumer Non-Cyclicals
CNKO,37.0,37.0,0.0,8956361206.0,331385364622.0,0.0,Energy
CNMA,91.0,93.0,1582031900.0,83345000000.0,7751085000000.0,0.0219780219780219,Consumer Cyclicals
CNTB,250.0,250.0,0.0,130000000.0,32500000000.0,0.0,Consumer Cyclicals
CNTX,142.0,142.0,0.0,70000000.0,9940000000.0,0.0,Consumer Cyclicals
COAL,22.0,22.0,0.0,6250000000.0,137500000000.0,0.0,Energy
COCO,143.0,129.0,56668720400.0,3559455924.0,459169814196.0,-0.09790209790209792,Consumer Non-Cyclicals
COIN,670.0,665.0,2050923000.0,14705882400.0,9779411796000.0,-0.007462686567164201,Financials
COWL,50.0,50.0,0.0,4871214021.0,243560701050.0,0.0,Properties & Real Estate
CPIN,3100.0,3070.0,36704532000.0,16398000000.0,50341860000000.0,-0.009677419354838679,Consumer Non-Cyclicals
CPRI,50.0,50.0,0.0,2433379958.0,121668997900.0,0.0,Properties & Real Estate
CPRO,50.0,50.0,110810000.0,59572382787.0,2978619139350.0,0.0,Consumer Non-Cyclicals
CRAB,208.0,208.0,0.0,1950000000.0,405600000000.0,0.0,Consumer Non-Cyclicals
CRSN,101.0,102.0,51425300.0,2892000000.0,294984000000.0,0.00990099009900991,Industrials
CSAP,284.0,284.0,6570400.0,5683175151.0,1614021742884.0,0.0,Consumer Cyclicals
CSIS,161.0,163.0,199034200.0,1829800765.0,298257524695.0,0.012422360248447228,Properties & Real Estate
CSMI,77.0,75.0,1184697200.0,816061500.0,61204612500.0,-0.025974025974025983,Consumer Cyclicals
CSRA,765.0,760.0,47356000.0,2050000000.0,1558000000000.0,-0.006535947712418277,Consumer Non-Cyclicals
CTBN,5000.0,5050.0,79452500.0,800371500.0,4041876075000.0,0.010000000000000009,Basic Materials
CTRA,555.0,560.0,6318787500.0,18535695255.0,10379989342800.0,0.009009009009008917,Properties & Real Estate
CTTH,111.0,109.0,370834300.0,1230839821.0,134161540489.0,-0.018018018018018056,Industrials
CUAN,630.0,625.0,80196204500.0,112418900000.0,70261812500000.0,-0.007936507936507908,Energy
CYBR,590.0,595.0,15888677500.0,13478563104.0,8019745046880.0,0.008474576271186418,Technology
DAAZ,1520.0,1500.0,258663500.0,1997000000.0,2995500000000.0,-0.013157894736842146,Basic Materials
DADA,50.0,50.0,10770000.0,7431530800.0,371576540000.0,0.0,Properties & Real Estate
DART,120.0,124.0,265237600.0,3141390962.0,389532479288.0,0.03333333333333344,Properties & Real Estate
DATA,2390.0,2450.0,37985755000.0,1375000000.0,3368750000000.0,0.025104602510460206,Infrastructures
DAYA,990.0,980.0,3628500.0,2420547025.0,2372136084500.0,-0.010101010101010055,Consumer Non-Cyclicals
DCII,198725.0,198675.0,194120000.0,2383745900.0,473590716682500.0,-0.00025160397534285117,Technology
DEAL,6.0,6.0,0.0,1146170959.0,6877025754.0,0.0,Transportation & Logistic
DEFI,106.0,106.0,5237144800.0,687266666.0,72850266596.0,0.0,Financials
DEPO,246.0,250.0,51180600.0,6790000000.0,1697500000000.0,0.016260162601626105,Consumer Cyclicals
DEWA,358.0,362.0,244124090000.0,40687434244.0,14728851196328.0,0.011173184357541999,Energy
DEWI,119.0,121.0,12197635800.0,2000000000.0,242000000000.0,0.01680672268907557,Consumer Non-Cyclicals
DFAM,82.0,83.0,724117200.0,1899852850.0,157687786550.0,0.012195121951219523,Consumer Cyclicals
DGIK,134.0,131.0,266342800.0,5541165000.0,725892615000.0,-0.02238805970149249,Infrastructures
DGNS,226.0,224.0,217666400.0,1375000000.0,308000000000.0,-0.008849557522123908,Healthcare
DGWG,278.0,278.0,1747098800.0,5882353000.0,1635294134000.0,0.0,Basic Materials
DIGI,29.0,29.0,0.0,1625000000.0,47125000000.0,0.0,Consumer Cyclicals
DILD,116.0,115.0,1421361000.0,10365854185.0,1192073231275.0,-0.008620689655172376,Properties & Real Estate
DIVA,111.0,113.0,537966400.0,1428571400.0,161428568200.0,0.018018018018018056,Technology
DKFT,635.0,660.0,2932100000.0,5638246600.0,3721242756000.0,0.03937007874015741,Basic Materials
DKHH,62.0,63.0,515197400.0,2550312624.0,160669695312.0,0.016129032258064502,Healthcare
DLTA,1770.0,1755.0,240589500.0,800659050.0,1405156632750.0,-0.008474576271186418,Consumer Non-Cyclicals
DMAS,137.0,137.0,5524791900.0,48198111100.0,6603141220700.0,0.0,Properties & Real Estate
DMMX,160.0,158.0,24136300.0,7692307700.0,1215384616600.0,-0.012499999999999956,Technology
DMND,620.0,625.0,5680000.0,9468359000.0,5917724375000.0,0.008064516129032251,Consumer Non-Cyclicals
DNAR,111.0,112.0,193177700.0,16721891185.0,1872851812720.0,0.009009009009008917,Financials
DNET,9750.0,9800.0,279882500.0,14184000000.0,139003200000000.0,0.00512820512820511,Financials
DOID,204.0,210.0,673638800.0,7651007132.0,1606711497720.0,0.02941176470588225,Energy
DOOH,124.0,122.0,3631061600.0,7738891036.0,944144706392.0,-0.016129032258064502,Consumer Cyclicals
DOSS,135.0,134.0,19433200.0,1725000000.0,231150000000.0,-0.007407407407407418,Consumer Cyclicals
DPNS,310.0,310.0,0.0,331129952.0,102650285120.0,0.0,Basic Materials
DPUM,96.0,98.0,505673100.0,4175000000.0,409150000000.0,0.02083333333333326,Consumer Non-Cyclicals
DRMA,925.0,930.0,768053500.0,4705882300.0,4376470539000.0,0.00540540540540535,Consumer Cyclicals
DSFI,73.0,74.0,348049400.0,1857135500.0,137428027000.0,0.013698630136986356,Consumer Non-Cyclicals
DSNG,1210.0,1210.0,2238899000.0,10599842400.0,12825809304000.0,0.0,Consumer Non-Cyclicals
DSSA,800.0,800.0,128844126000.0,192638080000.0,154110464000000.0,0.0,Energy
DUCK,176.0,176.0,0.0,1283330000.0,225866080000.0,0.0,Consumer Cyclicals
DUTI,4090.0,4090.0,38855000.0,1850000000.0,7566500000000.0,0.0,Properties & Real Estate
DVLA,1550.0,1560.0,6435000.0,1120000000.0,1747200000000.0,0.006451612903225712,Healthcare
DWGL,222.0,224.0,50492800.0,9252820991.0,2072631901984.0,0.009009009009008917,Energy
DYAN,80.0,79.0,49698300.0,4272964279.0,337564178041.0,-0.012499999999999956,Industrials
EAST,90.0,90.0,30182800.0,4126405336.0,371376480240.0,0.0,Consumer Cyclicals
ECII,135.0,133.0,216601600.0,1334333000.0,177466289000.0,-0.014814814814814836,Consumer Cyclicals
EDGE,4790.0,4790.0,0.0,2020250000.0,9676997500000.0,0.0,Technology
EKAD,169.0,170.0,15243600.0,3493875000.0,593958750000.0,0.00591715976331364,Basic Materials
ELIT,170.0,170.0,239801500.0,2031643057.0,345379319690.0,0.0,Technology
ELPI,1010.0,990.0,1178406000.0,7462340228.0,7387716825720.0,-0.01980198019801982,Transportation & Logistic
ELSA,660.0,650.0,11243260500.0,7298500000.0,4744025000000.0,-0.015151515151515138,Energy
ELTY,23.0,22.0,638285200.0,43521913019.0,957482086418.0,-0.04347826086956519,Properties & Real Estate
EMAS,5725.0,5725.0,84063762500.0,14731366060.0,84337070693500.0,0.0,Basic Materials
EMDE,71.0,70.0,165922700.0,3350000000.0,234500000000.0,-0.014084507042253502,Properties & Real Estate
EMTK,520.0,515.0,12223746500.0,61426451483.0,31634622513745.0,-0.009615384615384581,Technology
ENAK,276.0,268.0,140811600.0,2166666800.0,580666702400.0,-0.02898550724637683,Consumer Cyclicals
ENRG,1460.0,1390.0,166886195500.0,26564543750.0,36924715812500.0,-0.047945205479452024,Energy
ENVY,50.0,50.0,0.0,1800000000.0,90000000000.0,0.0,Technology
ENZO,68.0,69.0,591250800.0,2162547122.0,149215751418.0,0.014705882352941124,Consumer Non-Cyclicals
EPAC,71.0,69.0,4825077600.0,3303400000.0,227934600000.0,-0.028169014084507005,Basic Materials
EPMT,2300.0,2330.0,7209000.0,2708640000.0,6311131200000.0,0.01304347826086949,Consumer Non-Cyclicals
ERAA,360.0,362.0,9412087800.0,15950000000.0,5773900000000.0,0.005555555555555536,Consumer Cyclicals
ERAL,284.0,284.0,141925400.0,5187500000.0,1473250000000.0,0.0,Consumer Cyclicals
ERTX,148.0,147.0,495034600.0,1286539792.0,189121349424.0,-0.006756756756756799,Consumer Cyclicals
ESIP,126.0,128.0,8726875600.0,1109953847.0,142074092416.0,0.015873015873015817,Basic Materials
ESSA,580.0,610.0,59268536500.0,17226975700.0,10508455177000.0,0.051724137931034475,Basic Materials
ESTA,175.0,175.0,23855900.0,2425354179.0,424436981325.0,0.0,Consumer Cyclicals
ESTI,130.0,134.0,755844000.0,2015208720.0,270037968480.0,0.03076923076923066,Consumer Cyclicals
ETWA,70.0,70.0,0.0,4668671400.0,326806998000.0,0.0,Basic Materials
EURO,1660.0,1760.0,241398500.0,2548826428.0,4485934513280.0,0.06024096385542177,Consumer Non-Cyclicals
EXCL,2530.0,2550.0,9038018000.0,18199862451.0,46409649250050.0,0.007905138339920903,Infrastructures
FAPA,7550.0,7375.0,210277500.0,3629411800.0,26766912025000.0,-0.023178807947019875,Consumer Non-Cyclicals
FAST,270.0,276.0,227749400.0,4523610492.0,1248516495792.0,0.022222222222222143,Consumer Cyclicals
FASW,5275.0,5275.0,0.0,3221255423.0,16992122356325.0,0.0,Basic Materials
FILM,1655.0,1570.0,10859920500.0,10887566758.0,17093479810060.0,-0.051359516616314216,Consumer Cyclicals
FIMP,69.0,69.0,0.0,400000975.0,27600067275.0,0.0,Infrastructures
FIRE,111.0,107.0,2613736400.0,1475363179.0,157863860153.0,-0.036036036036036,Energy
FISH,650.0,650.0,13728500.0,4800000000.0,3120000000000.0,0.0,Consumer Non-Cyclicals
FITT,378.0,372.0,199730000.0,1304272051.0,485189202972.0,-0.015873015873015928,Consumer Cyclicals
FLMC,52.0,52.0,0.0,781250000.0,40625000000.0,0.0,Consumer Non-Cyclicals
FMII,248.0,252.0,35314200.0,6400000000.0,1612800000000.0,0.016129032258064502,Properties & Real Estate
FOLK,212.0,218.0,788317200.0,4091357544.0,891915944592.0,0.028301886792452935,Industrials
FOOD,176.0,176.0,0.0,650000000.0,114400000000.0,0.0,Consumer Non-Cyclicals
FORE,610.0,615.0,1152932500.0,8918359270.0,5484790951050.0,0.008196721311475308,Consumer Non-Cyclicals
FORU,2920.0,2950.0,1769918000.0,465224000.0,1372410800000.0,0.010273972602739656,Consumer Cyclicals
FPNI,318.0,328.0,1051045800.0,5566414000.0,1825783792000.0,0.03144654088050314,Basic Materials
FUJI,199.0,212.0,315638300.0,1300000000.0,275600000000.0,0.0653266331658291,Financials
FUTR,224.0,226.0,6409102000.0,6635551959.0,1499634742734.0,0.008928571428571397,Consumer Cyclicals
FWCT,87.0,86.0,484768500.0,1963000000.0,168818000000.0,-0.011494252873563204,Basic Materials
GAMA,18.0,18.0,0.0,10011027656.0,180198497808.0,0.0,Properties & Real Estate
GDST,82.0,101.0,14372795000.0,9242500000.0,933492500000.0,0.23170731707317072,Basic Materials
GDYR,1105.0,1080.0,2972000.0,410000000.0,442800000000.0,-0.022624434389140302,Consumer Cyclicals
GEMA,78.0,78.0,17593500.0,1600000000.0,124800000000.0,0.0,Consumer Cyclicals
GEMS,6450.0,6500.0,403245000.0,5882353000.0,38235294500000.0,0.007751937984496138,Energy
GGRM,16650.0,16850.0,14661092500.0,1924088000.0,32420882800000.0,0.012012012012011963,Consumer Non-Cyclicals
GGRP,294.0,296.0,101611600.0,12111376157.0,3584967342472.0,0.006802721088435382,Basic Materials
GHON,1610.0,1585.0,18174500.0,550000000.0,871750000000.0,-0.01552795031055898,Infrastructures
GIAA,52.0,53.0,1588040400.0,407091703837.0,21575860303361.0,0.019230769230769162,Transportation & Logistic
GJTL,1110.0,1120.0,6135884500.0,3484800000.0,3902976000000.0,0.009009009009008917,Consumer Cyclicals
GLOB,155.0,155.0,0.0,1111112000.0,172222360000.0,0.0,Consumer Cyclicals
GLVA,292.0,298.0,49599400.0,1500000000.0,447000000000.0,0.020547945205479534,Technology
GMFI,52.0,52.0,3432234300.0,124835258434.0,6491433438568.0,0.0,Infrastructures
GMTD,1350.0,1315.0,7394000.0,1015380000.0,1335224700000.0,-0.025925925925925908,Properties & Real Estate
GOLD,244.0,270.0,885375600.0,1277276000.0,344864520000.0,0.10655737704918034,Infrastructures
GOLF,168.0,168.0,400432400.0,19486760000.0,3273775680000.0,0.0,Consumer Cyclicals
GOLL,50.0,50.0,0.0,3665000759.0,183250037950.0,0.0,Consumer Non-Cyclicals
GOOD,304.0,302.0,58775600.0,36897901455.0,11143166239410.0,-0.006578947368421018,Consumer Non-Cyclicals
GOTO,50.0,50.0,896850000.0,1140573267220.0,57028663361000.0,0.0,Technology
GOTOM,68.0,68.0,0.0,50571730000.0,3438877640000.0,0.0,Technology
GPRA,100.0,99.0,2320414800.0,4276655336.0,423388878264.0,-0.010000000000000009,Properties & Real Estate
GPSO,336.0,328.0,5259074000.0,733415103.0,240560153784.0,-0.023809523809523836,Industrials
GRIA,110.0,110.0,1187872900.0,7375720674.0,811329274140.0,0.0,Properties & Real Estate
GRPH,60.0,59.0,39673100.0,1000000000.0,59000000000.0,-0.01666666666666672,Consumer Cyclicals
GRPM,236.0,238.0,100073400.0,1571666469.0,374056619622.0,0.008474576271186418,Consumer Non-Cyclicals
GSMF,87.0,85.0,240453300.0,15456814805.0,1313829258425.0,-0.02298850574712641,Financials
GTBO,170.0,170.0,0.0,2500000000.0,425000000000.0,0.0,Energy
GTRA,189.0,220.0,616126600.0,1894375000.0,416762500000.0,0.16402116402116396,Transportation & Logistic
GTSI,139.0,134.0,2631346300.0,15819142767.0,2119765130778.0,-0.03597122302158273,Energy
GULA,645.0,650.0,12301488500.0,1070362500.0,695735625000.0,0.007751937984496138,Consumer Non-Cyclicals
GUNA,188.0,185.0,36543400.0,2500000000.0,462500000000.0,-0.015957446808510634,Consumer Non-Cyclicals
GWSA,118.0,119.0,190420300.0,7800760000.0,928290440000.0,0.008474576271186418,Consumer Cyclicals
GZCO,146.0,147.0,816552900.0,6000000000.0,882000000000.0,0.006849315068493178,Consumer Non-Cyclicals
HADE,19.0,18.0,33089300.0,2120000000.0,38160000000.0,-0.052631578947368474,Infrastructures
HAIS,182.0,179.0,38646100.0,2626250000.0,470098750000.0,-0.016483516483516536,Transportation & Logistic
HAJJ,101.0,99.0,722695900.0,2468527572.0,244384229628.0,-0.01980198019801982,Consumer Cyclicals
HALO,65.0,64.0,290023600.0,6078729117.0,389038663488.0,-0.01538461538461533,Healthcare
HATM,452.0,452.0,3713333000.0,8680000000.0,3923360000000.0,0.0,Transportation & Logistic
HBAT,274.0,272.0,1174422800.0,1040740800.0,283081497600.0,-0.007299270072992692,Properties & Real Estate
HDFA,88.0,86.0,22271000.0,6542445783.0,562650337338.0,-0.022727272727272707,Financials
HDIT,50.0,50.0,176962100.0,1524680000.0,76234000000.0,0.0,Technology
HEAL,895.0,890.0,3633119000.0,15365950000.0,13675695500000.0,-0.005586592178770999,Healthcare
HELI,183.0,182.0,93483000.0,832862387.0,151580954434.0,-0.005464480874316946,Transportation & Logistic
HERO,324.0,330.0,98022800.0,4183634000.0,1380599220000.0,0.0185185185185186,Consumer Non-Cyclicals
HEXA,4360.0,4420.0,732185000.0,840000000.0,3712800000000.0,0.013761467889908285,Industrials
HGII,122.0,122.0,56593900.0,6500000000.0,793000000000.0,0.0,Infrastructures
HILL,16.0,16.0,0.0,14741500000.0,235864000000.0,0.0,Energy
HITS,116.0,116.0,0.0,7101084801.0,823725836916.0,0.0,Energy
HKMU,50.0,50.0,0.0,3221750000.0,161087500000.0,0.0,Basic Materials
HMSP,685.0,695.0,5200219000.0,116318076900.0,80841063445500.0,0.014598540145985384,Consumer Non-Cyclicals
HOKI,53.0,53.0,739374900.0,9677752680.0,512920892040.0,0.0,Consumer Non-Cyclicals
HOME,50.0,50.0,0.0,22212194782.0,1110609739100.0,0.0,Consumer Cyclicals
HOMI,183.0,183.0,319769300.0,1575000000.0,288225000000.0,0.0,Properties & Real Estate
HOPE,161.0,165.0,3152539200.0,2130360203.0,351509433495.0,0.024844720496894457,Industrials
HOTL,50.0,50.0,0.0,3550001452.0,177500072600.0,0.0,Consumer Cyclicals
HRME,51.0,46.0,551532800.0,5958750000.0,274102500000.0,-0.0980392156862745,Consumer Cyclicals
HRTA,1840.0,1835.0,24196044000.0,4605262400.0,8450656504000.0,-0.0027173913043477826,Consumer Cyclicals
HRUM,780.0,795.0,2679333000.0,13518100000.0,10746889500000.0,0.019230769230769162,Energy
HUMI,124.0,123.0,2413039500.0,18063281329.0,2221783603467.0,-0.008064516129032251,Energy
HYGN,154.0,150.0,74146600.0,2525000000.0,378750000000.0,-0.025974025974025983,Industrials
IATA,60.0,59.0,5835124600.0,31275829981.0,1845273968879.0,-0.01666666666666672,Energy
IBFN,63.0,63.0,0.0,1517332349.0,95591937987.0,0.0,Industrials
IBOS,69.0,68.0,120356400.0,8065789529.0,548473687972.0,-0.01449275362318836,Consumer Non-Cyclicals
IBST,8475.0,8475.0,0.0,1350904927.0,11448919256325.0,0.0,Infrastructures
ICBP,6650.0,6600.0,9933297500.0,11661908000.0,76968592800000.0,-0.007518796992481258,Consumer Non-Cyclicals
ICON,107.0,106.0,210281100.0,1089750000.0,115513500000.0,-0.009345794392523366,Industrials
IDEA,67.0,64.0,337775400.0,1062437500.0,67996000000.0,-0.04477611940298509,Consumer Cyclicals
IDPR,308.0,302.0,2563200.0,2003000000.0,604906000000.0,-0.01948051948051943,Infrastructures
IFII,212.0,216.0,14892600.0,9412000000.0,2032992000000.0,0.018867924528301883,Basic Materials
IFSH,1240.0,1240.0,16655000.0,2125000000.0,2635000000000.0,0.0,Basic Materials
IGAR,414.0,414.0,6652400.0,927780600.0,384101168400.0,0.0,Basic Materials
IIKP,50.0,50.0,0.0,33600000000.0,1680000000000.0,0.0,Consumer Cyclicals
IKAI,19.0,20.0,657214000.0,13305799387.0,266115987740.0,0.05263157894736836,Industrials
IKAN,85.0,84.0,1958989100.0,833333000.0,69999972000.0,-0.0117647058823529,Consumer Non-Cyclicals
IKBI,555.0,565.0,47285000.0,1224000000.0,691560000000.0,0.018018018018018056,Industrials
IKPM,181.0,183.0,2485000.0,1684662500.0,308293237500.0,0.011049723756906049,Healthcare
IMAS,820.0,835.0,53084500.0,3994291039.0,3335233017565.0,0.018292682926829285,Consumer Cyclicals
IMJS,142.0,146.0,451359800.0,10849262500.0,1583992325000.0,0.028169014084507005,Transportation & Logistic
IMPC,1425.0,1455.0,9624495000.0,54907000000.0,79889685000000.0,0.021052631578947434,Industrials
INAF,126.0,126.0,0.0,3099267500.0,390507705000.0,0.0,Healthcare
INAI,133.0,179.0,4411620100.0,633600000.0,113414400000.0,0.34586466165413543,Basic Materials
INCF,50.0,50.0,0.0,1438370465.0,71918523250.0,0.0,Basic Materials
INCI,645.0,645.0,8965500.0,207656617.0,133938517965.0,0.0,Basic Materials
INCO,4930.0,4930.0,44809171000.0,10539784534.0,51961137752620.0,0.0,Basic Materials
INDF,6775.0,6750.0,43457612500.0,8780426500.0,59267878875000.0,-0.0036900369003689537,Consumer Non-Cyclicals
INDO,169.0,169.0,2653172000.0,4480741638.0,757245336822.0,0.0,Properties & Real Estate
INDR,2030.0,2030.0,165687000.0,654351707.0,1328333965210.0,0.0,Consumer Cyclicals
INDS,264.0,262.0,271195600.0,6562497100.0,1719374240200.0,-0.007575757575757569,Consumer Cyclicals
INDX,60.0,60.0,0.0,437913588.0,26274815280.0,0.0,Industrials
INDY,2230.0,2240.0,26930757000.0,5210192000.0,11670830080000.0,0.004484304932735439,Energy
INET,218.0,214.0,58702014200.0,22374161460.0,4788070552440.0,-0.01834862385321101,Infrastructures
INKP,7450.0,7425.0,19612887500.0,5470982941.0,40622048336925.0,-0.003355704697986628,Basic Materials
INOV,122.0,124.0,1819009500.0,1808221900.0,224219515600.0,0.016393442622950838,Consumer Cyclicals
INPC,131.0,132.0,243059200.0,20021178779.0,2642795598828.0,0.007633587786259444,Financials
INPP,700.0,705.0,1082771500.0,11181971732.0,7883290071060.0,0.0071428571428571175,Properties & Real Estate
INPS,590.0,580.0,122166500.0,650000000.0,377000000000.0,-0.016949152542372836,Energy
INRU,590.0,590.0,0.0,1388883283.0,819441136970.0,0.0,Basic Materials
INTA,61.0,61.0,0.0,3343935022.0,203980036342.0,0.0,Industrials
INTD,234.0,232.0,235400.0,591828000.0,137304096000.0,-0.008547008547008517,Basic Materials
INTP,4550.0,4590.0,2187753000.0,3515602799.0,16136616847410.0,0.00879120879120876,Basic Materials
IOTF,53.0,53.0,315475800.0,5290298067.0,280385797551.0,0.0,Technology
IPAC,161.0,161.0,28791600.0,949868500.0,152928828500.0,0.0,Properties & Real Estate
IPCC,1220.0,1245.0,1121254000.0,1818384820.0,2263889100900.0,0.020491803278688492,Infrastructures
IPCM,318.0,316.0,133840200.0,5284811100.0,1670000307600.0,-0.0062893081761006275,Infrastructures
IPOL,107.0,107.0,5319900.0,6443379509.0,689441607463.0,0.0,Basic Materials
IPPE,14.0,14.0,0.0,4600000000.0,64400000000.0,0.0,Consumer Non-Cyclicals
IPTV,30.0,29.0,207654500.0,42197950841.0,1223740574389.0,-0.033333333333333326,Consumer Cyclicals
IRRA,374.0,374.0,284318200.0,1600000000.0,598400000000.0,0.0,Healthcare
IRSX,266.0,268.0,9172557000.0,6195047377.0,1660272697036.0,0.007518796992481258,Technology
ISAP,24.0,24.0,679804500.0,4020354067.0,96488497608.0,0.0,Consumer Cyclicals
ISAT,1860.0,1895.0,28965381000.0,32250810957.0,61115286763515.0,0.018817204301075252,Infrastructures
ISEA,80.0,80.0,1764226700.0,1390013370.0,111201069600.0,0.0,Consumer Non-Cyclicals
ISSP,390.0,406.0,376313200.0,7185992035.0,2917512766210.0,0.0410256410256411,Basic Materials
ITIC,200.0,200.0,33308500.0,940720000.0,188144000000.0,0.0,Consumer Non-Cyclicals
ITMA,1340.0,1330.0,25401000.0,999053167.0,1328740712110.0,-0.007462686567164201,Energy
ITMG,24000.0,24025.0,18177292500.0,1129925000.0,27146448125000.0,0.0010416666666666075,Energy
JARR,1860.0,1865.0,943416500.0,9230665050.0,17215190318250.0,0.0026881720430107503,Consumer Non-Cyclicals
JAST,85.0,86.0,1003389900.0,1082575738.0,93101513468.0,0.0117647058823529,Infrastructures
JATI,96.0,93.0,2464731700.0,3262520106.0,303414369858.0,-0.03125,Technology
JAWA,115.0,115.0,43645500.0,16232951842.0,1866789461830.0,0.0,Consumer Non-Cyclicals
JAYA,123.0,122.0,184660200.0,798499394.0,97416926068.0,-0.008130081300813052,Transportation & Logistic
JECC,635.0,630.0,13171500.0,756000000.0,476280000000.0,-0.007874015748031482,Industrials
JGLE,50.0,50.0,152375000.0,22581909405.0,1129095470250.0,0.0,Consumer Cyclicals
JIHD,420.0,424.0,31962600.0,2329040482.0,987513164368.0,0.00952380952380949,Consumer Cyclicals
JKON,68.0,67.0,74954900.0,16308519860.0,1092670830620.0,-0.014705882352941124,Infrastructures
JMAS,228.0,228.0,0.0,1000000000.0,228000000000.0,0.0,Financials
JPFA,2020.0,2030.0,26309375000.0,11726575201.0,23804947658030.0,0.004950495049504955,Consumer Non-Cyclicals
JRPT,1080.0,1080.0,230037500.0,12910719100.0,13943576628000.0,0.0,Properties & Real Estate
JSKY,52.0,52.0,0.0,2032540000.0,105692080000.0,0.0,Energy
JSMR,2700.0,2680.0,4515711000.0,7257871200.0,19451094816000.0,-0.007407407407407418,Infrastructures
JSPT,1390.0,1395.0,6894500.0,2318736000.0,3234636720000.0,0.003597122302158251,Consumer Cyclicals
JTPE,605.0,605.0,483169000.0,6852050000.0,4145490250000.0,0.0,Industrials
KAEF,454.0,454.0,187002600.0,5566589677.0,2527231713358.0,0.0,Healthcare
KAQI,86.0,90.0,7834079000.0,2075800000.0,186822000000.0,0.04651162790697683,Consumer Cyclicals
KARW,212.0,212.0,0.0,587152700.0,124476372400.0,0.0,Infrastructures
KAYU,18.0,18.0,0.0,665000000.0,11970000000.0,0.0,Basic Materials
KBAG,40.0,44.0,707489200.0,7150002603.0,314600114532.0,0.10000000000000009,Properties & Real Estate
KBLI,324.0,324.0,178175800.0,4007235107.0,1298344174668.0,0.0,Industrials
KBLM,288.0,290.0,19341600.0,1120000000.0,324800000000.0,0.00694444444444442,Industrials
KBLV,83.0,85.0,3657259500.0,1742167907.0,148084272095.0,0.024096385542168752,Infrastructures
KBRI,50.0,50.0,0.0,8687995734.0,434399786700.0,0.0,Basic Materials
KDSI,444.0,444.0,1638200.0,1620000000.0,719280000000.0,0.0,Basic Materials
KDTN,535.0,570.0,924601500.0,1250023298.0,712513279860.0,0.06542056074766345,Consumer Cyclicals
KEEN,855.0,860.0,7508758000.0,3666312500.0,3153028750000.0,0.005847953216374213,Infrastructures
KEJU,545.0,550.0,18414500.0,5624999999.0,3093749999450.0,0.00917431192660545,Consumer Non-Cyclicals
KETR,535.0,525.0,4038330000.0,2841262838.0,1491662989950.0,-0.01869158878504673,Infrastructures
KIAS,21.0,21.0,0.0,14929100000.0,313511100000.0,0.0,Industrials
KICI,185.0,188.0,54849200.0,276000000.0,51888000000.0,0.016216216216216273,Consumer Cyclicals
KIJA,127.0,131.0,22520316200.0,20824888369.0,2728060376339.0,0.03149606299212593,Properties & Real Estate
KING,308.0,310.0,222808400.0,2602852170.0,806884172700.0,0.006493506493506551,Industrials
KINO,1140.0,1135.0,52882500.0,1428571500.0,1621428652500.0,-0.004385964912280715,Consumer Non-Cyclicals
KIOS,93.0,93.0,3657814000.0,1075862960.0,100055255280.0,0.0,Technology
KJEN,120.0,123.0,2416029800.0,500000000.0,61500000000.0,0.02499999999999991,Transportation & Logistic
KKES,73.0,66.0,456799400.0,1500000000.0,99000000000.0,-0.09589041095890416,Basic Materials
KKGI,268.0,272.0,198271200.0,5000000000.0,1360000000000.0,0.014925373134328401,Energy
KLAS,69.0,69.0,162158500.0,3644415975.0,251464702275.0,0.0,Transportation & Logistic
KLBF,730.0,705.0,111226483500.0,46813391540.0,33003441035700.0,-0.03424657534246578,Healthcare
KLIN,95.0,97.0,5290300.0,1307530330.0,126830442010.0,0.021052631578947434,Consumer Cyclicals
KMDS,535.0,540.0,1179000.0,800000000.0,432000000000.0,0.009345794392523255,Consumer Non-Cyclicals
KMTR,226.0,226.0,9138600.0,8215366379.0,1856672801654.0,0.0,Basic Materials
KOBX,142.0,144.0,43960900.0,2272500000.0,327240000000.0,0.014084507042253502,Industrials
KOCI,100.0,101.0,7483020900.0,4467425418.0,451209967218.0,0.010000000000000009,Properties & Real Estate
KOIN,78.0,78.0,0.0,980843732.0,76505811096.0,0.0,Industrials
KOKA,175.0,171.0,5778782200.0,2861333000.0,489287943000.0,-0.02285714285714291,Infrastructures
KONI,2810.0,2780.0,273141000.0,312000000.0,867360000000.0,-0.010676156583629859,Industrials
KOPI,182.0,191.0,1215260100.0,697266668.0,133177933588.0,0.0494505494505495,Energy
KOTA,94.0,92.0,11188931100.0,10546185701.0,970249084492.0,-0.021276595744680882,Consumer Cyclicals
KPIG,81.0,82.0,8182093500.0,107312842189.0,8799653059498.0,0.012345679012345734,Consumer Cyclicals
KRAS,228.0,224.0,2279482400.0,19346396900.0,4333592905600.0,-0.01754385964912286,Basic Materials
KREN,12.0,12.0,212973600.0,18208470100.0,218501641200.0,0.0,Technology
KRYA,59.0,60.0,7939439600.0,1663943474.0,99836608440.0,0.016949152542372836,Infrastructures
KSIX,282.0,278.0,10448400.0,2137831800.0,594317240400.0,-0.014184397163120588,Properties & Real Estate
KUAS,91.0,91.0,550550100.0,1292808150.0,117645541650.0,0.0,Industrials
LABA,92.0,93.0,1030120500.0,1103402553.0,102616437429.0,0.010869565217391353,Industrials
LABS,148.0,146.0,120012300.0,3950000000.0,576700000000.0,-0.013513513513513487,Healthcare
LAJU,67.0,66.0,2505661000.0,2149942974.0,141896236284.0,-0.014925373134328401,Transportation & Logistic
LAND,81.0,81.0,21521438300.0,2792620000.0,226202220000.0,0.0,Properties & Real Estate
LAPD,66.0,66.0,713843600.0,3966350139.0,261779109174.0,0.0,Consumer Non-Cyclicals
LCGP,114.0,114.0,0.0,5630000914.0,641820104196.0,0.0,Properties & Real Estate
LCKM,106.0,107.0,2567354000.0,1000000000.0,107000000000.0,0.009433962264151052,Infrastructures
LEAD,101.0,99.0,1723917100.0,5799616328.0,574162016472.0,-0.01980198019801982,Energy
LFLO,496.0,490.0,7803400.0,1307734937.0,640790119130.0,-0.012096774193548376,Consumer Cyclicals
LIFE,5750.0,5850.0,10425000.0,2100000000.0,12285000000000.0,0.017391304347825987,Financials
LINK,1430.0,1415.0,27720500.0,2863195484.0,4051421609860.0,-0.010489510489510523,Infrastructures
LION,306.0,342.0,746229000.0,520160000.0,177894720000.0,0.11764705882352944,Industrials
LIVE,212.0,208.0,22846600.0,4593005014.0,955345042912.0,-0.018867924528301883,Consumer Cyclicals
LMAS,50.0,50.0,0.0,787851525.0,39392576250.0,0.0,Technology
LMAX,119.0,118.0,165874500.0,650008775.0,76701035450.0,-0.008403361344537785,Consumer Cyclicals
LMPI,138.0,139.0,34786700.0,1008517669.0,140183955991.0,0.007246376811594235,Consumer Cyclicals
LMSH,256.0,256.0,0.0,96000000.0,24576000000.0,0.0,Basic Materials
LOPI,56.0,57.0,62716200.0,1100011289.0,62700643473.0,0.017857142857142794,Transportation & Logistic
LPCK,505.0,510.0,421881000.0,5134685692.0,2618689702920.0,0.00990099009900991,Properties & Real Estate
LPGI,675.0,675.0,202500.0,3000000000.0,2025000000000.0,0.0,Financials
LPIN,410.0,412.0,12943800.0,425000000.0,175100000000.0,0.004878048780487809,Consumer Cyclicals
LPKR,60.0,60.0,6806952900.0,70898018369.0,4253881102140.0,0.0,Properties & Real Estate
LPLI,236.0,238.0,3190000.0,1170432803.0,278563007114.0,0.008474576271186418,Properties & Real Estate
LPPF,1540.0,1540.0,1653026500.0,2227279280.0,3430010091200.0,0.0,Consumer Cyclicals
LPPS,68.0,70.0,167090600.0,2588250000.0,181177500000.0,0.02941176470588225,Financials
LRNA,180.0,180.0,6270400.0,350000022.0,63000003960.0,0.0,Transportation & Logistic
LSIP,1310.0,1325.0,6218850500.0,6819963965.0,9036452253625.0,0.011450381679389388,Consumer Non-Cyclicals
LTLS,780.0,760.0,5209500.0,1560000000.0,1185600000000.0,-0.02564102564102566,Basic Materials
LUCK,97.0,97.0,39766300.0,715749640.0,69427715080.0,0.0,Technology
LUCY,392.0,372.0,2878345600.0,1514773893.0,563495888196.0,-0.05102040816326525,Consumer Cyclicals
MABA,50.0,50.0,0.0,15365229912.0,768261495600.0,0.0,Consumer Cyclicals
MAGP,50.0,50.0,0.0,9000000004.0,450000000200.0,0.0,Consumer Non-Cyclicals
MAHA,141.0,140.0,224770900.0,16666000000.0,2333240000000.0,-0.007092198581560294,Energy
MAIN,675.0,675.0,250302500.0,2238750000.0,1511156250000.0,0.0,Consumer Non-Cyclicals
MANG,39.0,38.0,378152100.0,3812604656.0,144878976928.0,-0.02564102564102566,Infrastructures
MAPA,595.0,615.0,24111127500.0,28504000000.0,17529960000000.0,0.03361344537815136,Consumer Cyclicals
MAPB,1010.0,1110.0,222111000.0,2387922900.0,2650594419000.0,0.0990099009900991,Consumer Cyclicals
MAPI,1535.0,1525.0,27941792000.0,16600000000.0,25315000000000.0,-0.006514657980456029,Consumer Cyclicals
MARI,23.0,23.0,0.0,5252644000.0,120810812000.0,0.0,Consumer Cyclicals
MARK,1060.0,1100.0,30303048500.0,3800000310.0,4180000341000.0,0.037735849056603765,Industrials
MASB,3390.0,3390.0,32788000.0,1387737233.0,4704429219870.0,0.0,Financials
MAXI,50.0,50.0,2320000.0,9610099981.0,480504999050.0,0.0,Consumer Non-Cyclicals
MAYA,191.0,188.0,185212700.0,25906179152.0,4870361680576.0,-0.015706806282722474,Financials
MBAP,1370.0,1385.0,12850000.0,1227271952.0,1699771653520.0,0.010948905109489093,Energy
MBMA,510.0,520.0,43407546500.0,107995419900.0,56157618348000.0,0.019607843137254832,Basic Materials
MBSS,2530.0,2520.0,1001039000.0,1750026639.0,4410067130280.0,-0.0039525691699604515,Energy
MBTO,118.0,116.0,467853600.0,1070000000.0,124120000000.0,-0.016949152542372836,Consumer Non-Cyclicals
MCAS,154.0,151.0,263056200.0,867933300.0,131057928300.0,-0.01948051948051943,Technology
MCOL,3800.0,3790.0,286236000.0,3555560000.0,13475572400000.0,-0.0026315789473684292,Energy
MCOR,67.0,68.0,81258900.0,37540533209.0,2552756258212.0,0.014925373134328401,Financials
MDIA,69.0,69.0,2939372900.0,39215538400.0,2705872149600.0,0.0,Consumer Cyclicals
MDIY,945.0,980.0,932492500.0,25190392000.0,24686584160000.0,0.03703703703703698,Consumer Cyclicals
MDKA,2660.0,2650.0,58832482000.0,24472983771.0,64853406993150.0,-0.003759398496240629,Basic Materials
MDKI,180.0,180.0,9643800.0,2530150002.0,455427000360.0,0.0,Basic Materials
MDLA,208.0,206.0,79263200.0,14012825000.0,2886641950000.0,-0.009615384615384581,Healthcare
MDLN,50.0,50.0,261855000.0,12533067322.0,626653366100.0,0.0,Properties & Real Estate
MDRN,26.0,26.0,0.0,7632167798.0,198436362748.0,0.0,Industrials
MEDC,1250.0,1245.0,53515219500.0,25136231252.0,31294607908740.0,-0.0040000000000000036,Energy
MEDS,81.0,81.0,2851859200.0,1562500000.0,126562500000.0,0.0,Healthcare
MEGA,2010.0,1995.0,57115000.0,23247028262.0,46377821382690.0,-0.007462686567164201,Financials
MEJA,83.0,83.0,767613200.0,2608081058.0,216470727814.0,0.0,Consumer Cyclicals
MENN,53.0,53.0,0.0,1434052006.0,76004756318.0,0.0,Technology
MERI,101.0,102.0,86212000.0,1035132500.0,105583515000.0,0.00990099009900991,Consumer Cyclicals
MERK,3760.0,3800.0,126464000.0,448000000.0,1702400000000.0,0.010638297872340496,Healthcare
META,238.0,238.0,0.0,17710708194.0,4215148550172.0,0.0,Infrastructures
MFMI,1300.0,1300.0,0.0,757581000.0,984855300000.0,0.0,Industrials
MGLV,8025.0,8000.0,655642500.0,1904883411.0,15239067288000.0,-0.0031152647975077885,Consumer Cyclicals
MGNA,91.0,91.0,132605900.0,3411095926.0,310409729266.0,0.0,Consumer Cyclicals
MGRO,675.0,675.0,2348067500.0,3554445700.0,2399250847500.0,0.0,Consumer Non-Cyclicals
MHKI,134.0,136.0,876441800.0,3750000000.0,510000000000.0,0.014925373134328401,Industrials
MICE,505.0,505.0,1543500.0,600000000.0,303000000000.0,0.0,Consumer Cyclicals
MIDI,282.0,284.0,788782400.0,33435294800.0,9495623723200.0,0.007092198581560183,Consumer Non-Cyclicals
MIKA,1675.0,1740.0,9891234500.0,13907481500.0,24199017810000.0,0.0388059701492538,Healthcare
MINA,272.0,274.0,12449184000.0,9843750000.0,2697187500000.0,0.007352941176470562,Consumer Cyclicals
MINE,224.0,222.0,291207200.0,4084435300.0,906744636600.0,-0.008928571428571397,Basic Materials
MIRA,18.0,19.0,111365000.0,3961452039.0,75267588741.0,0.05555555555555558,Transportation & Logistic
MITI,173.0,173.0,100083100.0,3750526603.0,648841102319.0,0.0,Transportation & Logistic
MKAP,1165.0,1165.0,389326500.0,3250000000.0,3786250000000.0,0.0,Energy
MKNT,1.0,1.0,0.0,5500000000.0,5500000000.0,0.0,Consumer Cyclicals
MKPI,20925.0,21500.0,994372500.0,948194000.0,20386171000000.0,0.027479091995221028,Properties & Real Estate
MKTR,117.0,118.0,40434700.0,12060428584.0,1423130572912.0,0.008547008547008517,Consumer Non-Cyclicals
MLBI,6300.0,6325.0,1071102500.0,2107000000.0,13326775000000.0,0.003968253968253954,Consumer Non-Cyclicals
MLIA,240.0,240.0,10416000.0,6615000000.0,1587600000000.0,0.0,Industrials
MLPL,82.0,82.0,1210293000.0,15682323987.0,1285950566934.0,0.0,Consumer Non-Cyclicals
MLPT,18725.0,20650.0,2372447500.0,1875000000.0,38718750000000.0,0.10280373831775691,Technology
MMIX,690.0,775.0,41105085000.0,4800425380.0,3720329669500.0,0.12318840579710155,Healthcare
MMLP,298.0,298.0,101946400.0,6889134608.0,2052962113184.0,0.0,Properties & Real Estate
MNCN,206.0,204.0,7789336400.0,15049787710.0,3070156692840.0,-0.009708737864077666,Consumer Cyclicals
MOLI,248.0,248.0,673617400.0,2724036581.0,675561072088.0,0.0,Basic Materials
MORA,6525.0,6500.0,2858377500.0,47774192736.0,310532252784000.0,-0.003831417624521105,Infrastructures
MPIX,93.0,93.0,209385600.0,1562574308.0,145319410644.0,0.0,Technology
MPMX,990.0,990.0,1716918500.0,4386963276.0,4343093643240.0,0.0,Consumer Cyclicals
MPOW,95.0,95.0,314907400.0,816997053.0,77614720035.0,0.0,Infrastructures
MPPA,48.0,47.0,237433300.0,33828872408.0,1589957003176.0,-0.02083333333333337,Consumer Non-Cyclicals
MPRO,9900.0,9900.0,0.0,9942500000.0,98430750000000.0,0.0,Properties & Real Estate
MPXL,147.0,148.0,14296200.0,2000014587.0,296002158876.0,0.006802721088435382,Transportation & Logistic
MRAT,442.0,442.0,76941000.0,428000000.0,189176000000.0,0.0,Consumer Non-Cyclicals
MREI,920.0,920.0,0.0,517791681.0,476368346520.0,0.0,Financials
MSIE,84.0,86.0,900679600.0,1460007754.0,125560666844.0,0.023809523809523725,Properties & Real Estate
MSIN,460.0,460.0,8270745800.0,60676178205.0,27911041974300.0,0.0,Consumer Cyclicals
MSJA,418.0,408.0,4324050600.0,5882352900.0,2399999983200.0,-0.02392344497607657,Consumer Non-Cyclicals
MSKY,61.0,60.0,152896600.0,1994370480.0,119662228800.0,-0.016393442622950838,Consumer Cyclicals
MSTI,1320.0,1325.0,1131588000.0,3139416200.0,4159726465000.0,0.0037878787878788955,Technology
MTDL,515.0,515.0,714393000.0,12276884585.0,6322595561275.0,0.0,Technology
MTEL,466.0,462.0,19237260400.0,83559677444.0,38604570979128.0,-0.008583690987124415,Infrastructures
MTFN,13.0,13.0,0.0,31842082852.0,413947077076.0,0.0,Energy
MTLA,515.0,515.0,7970000.0,7655126330.0,3942390059950.0,0.0,Properties & Real Estate
MTMH,965.0,960.0,669000.0,2068526950.0,1985785872000.0,-0.005181347150259086,Healthcare
MTPS,81.0,81.0,0.0,2084850829.0,168872917149.0,0.0,Infrastructures
MTRA,244.0,244.0,0.0,770000000.0,187880000000.0,0.0,Infrastructures
MTSM,500.0,500.0,0.0,232848000.0,116424000000.0,0.0,Properties & Real Estate
MTWI,268.0,268.0,16486600.0,2924486639.0,783762419252.0,0.0,Financials
MUTU,113.0,112.0,395834400.0,3452228885.0,386649635120.0,-0.008849557522123908,Industrials
MYOH,1050.0,1045.0,56784000.0,2206312500.0,2305596562500.0,-0.004761904761904745,Energy
MYOR,1735.0,1770.0,13288715000.0,22358699725.0,39574898513250.0,0.020172910662824117,Consumer Non-Cyclicals
MYTX,41.0,41.0,0.0,7747281949.0,317638559909.0,0.0,Consumer Cyclicals
NAIK,89.0,87.0,419241200.0,3329422047.0,289659718089.0,-0.022471910112359605,Industrials
NANO,26.0,28.0,1440082400.0,4285440269.0,119992327532.0,0.07692307692307687,Consumer Non-Cyclicals
NASA,31.0,31.0,9163600.0,11004929322.0,341152808982.0,0.0,Properties & Real Estate
NASI,116.0,119.0,374549200.0,807400000.0,96080600000.0,0.02586206896551735,Consumer Non-Cyclicals
NATO,605.0,610.0,68448500.0,8001111504.0,4880678017440.0,0.008264462809917328,Consumer Cyclicals
NAYZ,59.0,58.0,261019300.0,2550011472.0,147900665376.0,-0.016949152542372836,Consumer Non-Cyclicals
NCKL,825.0,835.0,19199117000.0,63098600000.0,52687331000000.0,0.0121212121212122,Basic Materials
NELY,208.0,206.0,36371600.0,2350000000.0,484100000000.0,-0.009615384615384581,Transportation & Logistic
NEST,615.0,615.0,2638859500.0,4112500000.0,2529187500000.0,0.0,Consumer Non-Cyclicals
NETV,50.0,50.0,730905000.0,41360517722.0,2068025886100.0,0.0,Consumer Cyclicals
NFCX,1575.0,1585.0,4508500.0,666667500.0,1056667987500.0,0.006349206349206327,Technology
NICE,270.0,272.0,29847200.0,6082020000.0,1654309440000.0,0.007407407407407307,Basic Materials
NICK,1045.0,1060.0,421000.0,651150000.0,690219000000.0,0.014354066985645897,Financials
NICL,510.0,510.0,6106619500.0,10635644907.0,5424178902570.0,0.0,Basic Materials
NIKL,183.0,190.0,1257363000.0,2523350000.0,479436500000.0,0.03825136612021862,Basic Materials
NINE,80.0,77.0,538072400.0,2157000000.0,166089000000.0,-0.03749999999999998,Technology
NIRO,139.0,142.0,948845700.0,22198871804.0,3152239796168.0,0.021582733812949728,Properties & Real Estate
NISP,1205.0,1205.0,2326038000.0,22715776032.0,27372510118560.0,0.0,Financials
NOBU,426.0,424.0,277848600.0,7403659460.0,3139151611040.0,-0.0046948356807511304,Financials
NPGF,57.0,58.0,366911700.0,3240235840.0,187933678720.0,0.01754385964912286,Basic Materials
NRCA,462.0,464.0,2011320000.0,2496258344.0,1158263871616.0,0.0043290043290042934,Infrastructures
NSSS,775.0,800.0,8343831500.0,23801568645.0,19041254916000.0,0.032258064516129004,Consumer Non-Cyclicals
NTBK,101.0,97.0,14233356500.0,2700064877.0,261906293069.0,-0.03960396039603964,Industrials
NUSA,50.0,50.0,0.0,7700000148.0,385000007400.0,0.0,Consumer Cyclicals
NZIA,144.0,146.0,887125900.0,2197540705.0,320840942930.0,0.01388888888888884,Properties & Real Estate
OASA,328.0,318.0,15137247800.0,6347220000.0,2018415960000.0,-0.030487804878048808,Infrastructures
OBAT,246.0,246.0,17510600.0,680376575.0,167372637450.0,0.0,Healthcare
OBMD,175.0,185.0,451507200.0,805992931.0,149108692235.0,0.05714285714285716,Basic Materials
OCAP,159.0,159.0,0.0,273200000.0,43438800000.0,0.0,Financials
OILS,226.0,216.0,2485185000.0,454056563.0,98076217608.0,-0.04424778761061943,Consumer Non-Cyclicals
OKAS,101.0,100.0,135517600.0,2373449165.0,237344916500.0,-0.00990099009900991,Basic Materials
OLIV,50.0,50.0,134958100.0,1900073314.0,95003665700.0,0.0,Consumer Cyclicals
OMED,204.0,206.0,7770874600.0,27058850000.0,5574123100000.0,0.009803921568627416,Healthcare
OMRE,990.0,995.0,5540000.0,2945211000.0,2930484945000.0,0.005050505050504972,Properties & Real Estate
OPMS,106.0,103.0,2415822100.0,1000000000.0,103000000000.0,-0.028301886792452824,Basic Materials
PACK,214.0,206.0,26468425400.0,32379924735.0,6670264495410.0,-0.03738317757009346,Basic Materials
PADA,115.0,113.0,4482586600.0,3150000000.0,355950000000.0,-0.017391304347826098,Industrials
PADI,71.0,68.0,20817872500.0,11307246524.0,768892763632.0,-0.04225352112676062,Financials
PALM,294.0,296.0,78676800.0,15732874458.0,4656930839568.0,0.006802721088435382,Financials
PAMG,52.0,52.0,57108900.0,3125000000.0,162500000000.0,0.0,Properties & Real Estate
PANI,5900.0,6125.0,37639522500.0,18189502198.0,111410700962750.0,0.03813559322033888,Properties & Real Estate
PANR,400.0,402.0,17042000.0,1387500000.0,557775000000.0,0.004999999999999893,Consumer Cyclicals
PANS,1580.0,1590.0,992474000.0,720000000.0,1144800000000.0,0.006329113924050667,Financials
PART,102.0,103.0,285739100.0,2850594054.0,293611187562.0,0.009803921568627416,Consumer Cyclicals
PBID,480.0,480.0,102489200.0,7500000000.0,3600000000000.0,0.0,Basic Materials
PBRX,28.0,27.0,57428600.0,21482028246.0,580014762642.0,-0.0357142857142857,Consumer Cyclicals
PBSA,720.0,730.0,308642000.0,3000000000.0,2190000000000.0,0.01388888888888884,Infrastructures
PCAR,38.0,39.0,52823200.0,1166666700.0,45500001300.0,0.026315789473684292,Consumer Non-Cyclicals
PDES,406.0,406.0,607800.0,715000000.0,290290000000.0,0.0,Consumer Cyclicals
PDPP,262.0,260.0,9257800.0,3061341438.0,795948773880.0,-0.007633587786259555,Basic Materials
PEGE,105.0,101.0,3672798400.0,3441571022.0,347598673222.0,-0.03809523809523807,Financials
PEHA,252.0,256.0,29271600.0,840000000.0,215040000000.0,0.015873015873015817,Healthcare
PEVE,316.0,310.0,162654000.0,1765625000.0,547343750000.0,-0.01898734177215189,Healthcare
PGAS,1490.0,1490.0,35425735000.0,24241508196.0,36119847212040.0,0.0,Energy
PGEO,1010.0,1005.0,10188751500.0,41899535623.0,42109033301115.0,-0.004950495049504955,Infrastructures
PGJO,680.0,685.0,17304000.0,795859095.0,545163480075.0,0.007352941176470562,Technology
PGLI,198.0,195.0,12993200.0,488000000.0,95160000000.0,-0.015151515151515138,Consumer Cyclicals
PGUN,7250.0,7225.0,33007500.0,5737848882.0,41455958172450.0,-0.0034482758620689724,Consumer Non-Cyclicals
PICO,129.0,125.0,120861900.0,568375000.0,71046875000.0,-0.03100775193798455,Basic Materials
PIPA,123.0,125.0,3944759900.0,3426097190.0,428262148750.0,0.016260162601626105,Industrials
PJAA,458.0,462.0,10995600.0,1599999996.0,739199998152.0,0.008733624454148492,Consumer Cyclicals
PJHB,164.0,163.0,244807900.0,1920436363.0,313031127169.0,-0.0060975609756097615,Transportation & Logistic
PKPK,3150.0,3210.0,3430928000.0,1200000000.0,3852000000000.0,0.01904761904761898,Energy
PLAN,38.0,38.0,92820200.0,896709596.0,34074964648.0,0.0,Consumer Cyclicals
PLAS,50.0,50.0,0.0,1184200000.0,59210000000.0,0.0,Financials
PLIN,2510.0,2510.0,0.0,3550000000.0,8910500000000.0,0.0,Properties & Real Estate
PMJS,106.0,109.0,57744400.0,13755600000.0,1499360400000.0,0.028301886792452935,Consumer Cyclicals
PMMP,50.0,50.0,0.0,2588300000.0,129415000000.0,0.0,Consumer Non-Cyclicals
PMUI,83.0,83.0,595795500.0,5800000000.0,481400000000.0,0.0,Consumer Cyclicals
PNBN,865.0,880.0,4621683500.0,23837645998.0,20977128478240.0,0.01734104046242768,Financials
PNBS,50.0,50.0,3795000.0,38425504906.0,1921275245300.0,0.0,Financials
PNGO,3460.0,3480.0,107912000.0,781250000.0,2718750000000.0,0.005780346820809301,Consumer Non-Cyclicals
PNIN,730.0,735.0,226629000.0,4068323920.0,2990218081200.0,0.006849315068493178,Financials
PNLF,220.0,224.0,4467352800.0,32022073293.0,7172944417632.0,0.018181818181818077,Financials
PNSE,500.0,500.0,4944800.0,797813496.0,398906748000.0,0.0,Consumer Cyclicals
POLA,60.0,59.0,1584377600.0,3351075600.0,197713460400.0,-0.01666666666666672,Financials
POLI,720.0,715.0,11627500.0,2010526400.0,1437526376000.0,-0.00694444444444442,Properties & Real Estate
POLL,112.0,112.0,0.0,8318823600.0,931708243200.0,0.0,Properties & Real Estate
POLU,13275.0,13475.0,109827500.0,750000000.0,10106250000000.0,0.015065913370998052,Consumer Cyclicals
POLY,32.0,32.0,0.0,2495753334.0,79864106688.0,0.0,Consumer Cyclicals
POOL,50.0,50.0,0.0,2341366264.0,117068313200.0,0.0,Financials
PORT,880.0,865.0,28059500.0,2813941985.0,2434059817025.0,-0.017045454545454586,Infrastructures
POSA,50.0,50.0,0.0,8388870206.0,419443510300.0,0.0,Properties & Real Estate
POWR,715.0,720.0,1940282500.0,16087156000.0,11582752320000.0,0.006993006993007089,Infrastructures
PPGL,210.0,206.0,315007700.0,771178020.0,158862672120.0,-0.01904761904761909,Transportation & Logistic
PPRE,104.0,114.0,54896867400.0,10224271000.0,1165566894000.0,0.09615384615384626,Infrastructures
PPRI,150.0,150.0,186007400.0,1075027288.0,161254093200.0,0.0,Basic Materials
PPRO,17.0,17.0,178421800.0,61675671883.0,1048486422011.0,0.0,Properties & Real Estate
PRAY,690.0,665.0,16056000.0,13959422300.0,9283015829500.0,-0.036231884057971064,Healthcare
PRDA,2380.0,2400.0,842033000.0,937500000.0,2250000000000.0,0.008403361344537785,Healthcare
PRIM,98.0,94.0,957629300.0,3393434905.0,318982881070.0,-0.04081632653061229,Healthcare
PSAB,414.0,412.0,36362334400.0,26460000000.0,10901520000000.0,-0.004830917874396157,Basic Materials
PSAT,850.0,850.0,75299500.0,1482353000.0,1260000050000.0,0.0,Energy
PSDN,110.0,109.0,248909200.0,1440000000.0,156960000000.0,-0.009090909090909038,Consumer Non-Cyclicals
PSGO,197.0,198.0,14919900.0,18850000000.0,3732300000000.0,0.0050761421319796,Consumer Non-Cyclicals
PSKT,194.0,194.0,1065247800.0,10351231636.0,2008138937384.0,0.0,Consumer Cyclicals
PSSI,316.0,316.0,945574200.0,5417063153.0,1711791956348.0,0.0,Energy
PTBA,2420.0,2420.0,15202102000.0,11520659250.0,27879995385000.0,0.0,Energy
PTDU,70.0,70.0,0.0,1500000000.0,105000000000.0,0.0,Infrastructures
PTIS,268.0,268.0,4220000.0,550165300.0,147444300400.0,0.0,Energy
PTMP,62.0,61.0,1961731600.0,3169200000.0,193321200000.0,-0.016129032258064502,Industrials
PTMR,374.0,374.0,0.0,1907000000.0,713218000000.0,0.0,Basic Materials
PTPP,202.0,210.0,2324321200.0,6199897354.0,1301978444340.0,0.03960396039603964,Infrastructures
PTPS,136.0,138.0,219889100.0,2167514856.0,299117050128.0,0.014705882352941124,Consumer Non-Cyclicals
PTPW,1145.0,1150.0,17707500.0,878187500.0,1009915625000.0,0.004366812227074135,Infrastructures
PTRO,3950.0,3970.0,52598879000.0,10086050000.0,40041618500000.0,0.005063291139240533,Energy
PTSN,242.0,244.0,151226200.0,5314344000.0,1296699936000.0,0.008264462809917328,Technology
PTSP,870.0,885.0,529500.0,220808000.0,195415080000.0,0.01724137931034475,Consumer Cyclicals
PUDP,298.0,292.0,33984600.0,659120000.0,192463040000.0,-0.020134228187919434,Properties & Real Estate
PURA,31.0,31.0,169374500.0,6301930902.0,195359857962.0,0.0,Transportation & Logistic
PURE,51.0,51.0,0.0,1375181505.0,70134256755.0,0.0,Basic Materials
PURI,134.0,134.0,57739500.0,1000000000.0,134000000000.0,0.0,Properties & Real Estate
PWON,260.0,260.0,8650157200.0,48159602400.0,12521496624000.0,0.0,Properties & Real Estate
PYFA,204.0,214.0,3560281600.0,11236749750.0,2404664446500.0,0.0490196078431373,Healthcare
PZZA,183.0,185.0,666157700.0,3021875000.0,559046875000.0,0.010928961748633892,Consumer Cyclicals
RAAM,204.0,199.0,40776300.0,6813620000.0,1355910380000.0,-0.02450980392156865,Consumer Cyclicals
RAFI,36.0,36.0,0.0,3128140475.0,112613057100.0,0.0,Consumer Cyclicals
RAJA,4590.0,4600.0,214146418000.0,4227082500.0,19444579500000.0,0.002178649237472685,Energy
RALS,380.0,380.0,863163000.0,7096000000.0,2696480000000.0,0.0,Consumer Cyclicals
RANC,525.0,520.0,22182500.0,1564487500.0,813533500000.0,-0.00952380952380949,Consumer Non-Cyclicals
RATU,5325.0,5175.0,36581955000.0,2715053800.0,14050403415000.0,-0.028169014084507005,Energy
RBMS,59.0,58.0,1284639200.0,2656212826.0,154060343908.0,-0.016949152542372836,Properties & Real Estate
RCCC,91.0,90.0,131952100.0,787500000.0,70875000000.0,-0.01098901098901095,Transportation & Logistic
RDTX,13650.0,13800.0,19290000.0,268800000.0,3709440000000.0,0.01098901098901095,Properties & Real Estate
REAL,50.0,50.0,4314190200.0,6633610151.0,331680507550.0,0.0,Properties & Real Estate
RELF,33.0,35.0,78403400.0,5727832195.0,200474126825.0,0.06060606060606055,Properties & Real Estate
RELI,484.0,484.0,479400.0,1800000000.0,871200000000.0,0.0,Financials
RGAS,210.0,214.0,4840421600.0,1459234110.0,312276099540.0,0.01904761904761898,Energy
RICY,77.0,79.0,275699300.0,641717510.0,50695683290.0,0.025974025974025983,Consumer Cyclicals
RIGS,695.0,690.0,54835500.0,609130000.0,420299700000.0,-0.007194244604316502,Energy
RIMO,50.0,50.0,0.0,45080600000.0,2254030000000.0,0.0,Properties & Real Estate
RISE,945.0,915.0,964887500.0,16198599990.0,14821718990850.0,-0.031746031746031744,Properties & Real Estate
RLCO,3220.0,3260.0,2253248000.0,3125000000.0,10187500000000.0,0.012422360248447228,Consumer Non-Cyclicals
RMKE,2260.0,2480.0,92819610000.0,4375000000.0,10850000000000.0,0.09734513274336276,Energy
RMKO,342.0,346.0,2226808000.0,1250000000.0,432500000000.0,0.011695906432748648,Energy
ROCK,1820.0,1780.0,86307500.0,1435185100.0,2554629478000.0,-0.02197802197802201,Properties & Real Estate
RODA,65.0,64.0,3574823100.0,13592128209.0,869896205376.0,-0.01538461538461533,Properties & Real Estate
RONY,960.0,990.0,13032500.0,1250000000.0,1237500000000.0,0.03125,Infrastructures
ROTI,610.0,605.0,111590500.0,6186488888.0,3742825777240.0,-0.008196721311475419,Consumer Non-Cyclicals
RSCH,270.0,256.0,7977021400.0,2650000000.0,678400000000.0,-0.051851851851851816,Healthcare
RSGK,1100.0,1050.0,6711500.0,929675000.0,976158750000.0,-0.045454545454545414,Healthcare
RUIS,202.0,198.0,33223200.0,770000000.0,152460000000.0,-0.01980198019801982,Energy
RUNS,70.0,66.0,459528900.0,983557875.0,64914819750.0,-0.05714285714285716,Technology
SAFE,356.0,368.0,126972400.0,821207512.0,302204364416.0,0.03370786516853941,Transportation & Logistic
SAGE,36.0,33.0,933430500.0,8033527260.0,265106399580.0,-0.08333333333333337,Properties & Real Estate
SAME,308.0,306.0,603144400.0,17164632545.0,5252377558770.0,-0.00649350649350644,Healthcare
SAMF,282.0,278.0,11616400.0,10250000000.0,2849500000000.0,-0.014184397163120588,Basic Materials
SAPX,214.0,212.0,7277000.0,833333300.0,176666659600.0,-0.009345794392523366,Transportation & Logistic
SATU,274.0,274.0,10148400.0,1375000000.0,376750000000.0,0.0,Properties & Real Estate
SBAT,1.0,1.0,0.0,4752982378.0,4752982378.0,0.0,Consumer Cyclicals
SBMA,106.0,106.0,59678600.0,929926282.0,98572185892.0,0.0,Basic Materials
SCCO,2260.0,2290.0,127658000.0,822333600.0,1883143944000.0,0.01327433628318575,Industrials
SCMA,206.0,206.0,3440070600.0,73970569505.0,15237937318030.0,0.0,Consumer Cyclicals
SCNP,149.0,151.0,2018000.0,2500000000.0,377500000000.0,0.01342281879194629,Consumer Cyclicals
SCPI,29000.0,29000.0,0.0,3600000.0,104400000000.0,0.0,Healthcare
SDMU,81.0,81.0,428979400.0,2250691100.0,182305979100.0,0.0,Transportation & Logistic
SDPC,181.0,181.0,2195900.0,1274000000.0,230594000000.0,0.0,Consumer Non-Cyclicals
SDRA,204.0,206.0,125045000.0,14545267990.0,2996325205940.0,0.009803921568627416,Financials
SEMA,91.0,91.0,195176000.0,1347258842.0,122600554622.0,0.0,Energy
SFAN,1975.0,1965.0,86377000.0,1359934021.0,2672270351265.0,-0.005063291139240533,Financials
SGER,448.0,442.0,4741723800.0,15586909438.0,6889413971596.0,-0.013392857142857095,Energy
SGRO,2890.0,3070.0,839975000.0,1818622000.0,5583169540000.0,0.06228373702422152,Consumer Non-Cyclicals
SHID,560.0,560.0,16684500.0,1119326168.0,626822654080.0,0.0,Consumer Cyclicals
SHIP,1715.0,1715.0,20031000.0,2719790000.0,4664439850000.0,0.0,Energy
SICO,108.0,108.0,135577500.0,910077764.0,98288398512.0,0.0,Energy
SIDO,388.0,386.0,2834404200.0,30000000000.0,11580000000000.0,-0.005154639175257714,Healthcare
SILO,2200.0,2190.0,132383000.0,13006125000.0,28483413750000.0,-0.004545454545454519,Healthcare
SIMA,50.0,50.0,0.0,442589871.0,22129493550.0,0.0,Basic Materials
SIMP,550.0,545.0,1999247000.0,15501310000.0,8448213950000.0,-0.009090909090909038,Consumer Non-Cyclicals
SINI,7350.0,6625.0,19676912500.0,481000000.0,3186625000000.0,-0.09863945578231292,Industrials
SIPD,680.0,690.0,16856000.0,1839102056.0,1268980418640.0,0.014705882352941124,Consumer Non-Cyclicals
SKBM,685.0,620.0,1791510500.0,1730103217.0,1072663994540.0,-0.0948905109489051,Consumer Non-Cyclicals
SKLT,196.0,188.0,39868000.0,6907405000.0,1298592140000.0,-0.04081632653061229,Consumer Non-Cyclicals
SKRN,390.0,376.0,148714200.0,7500000000.0,2820000000000.0,-0.03589743589743588,Industrials
SKYB,51.0,51.0,0.0,585000000.0,29835000000.0,0.0,Technology
SLIS,59.0,59.0,370783000.0,2463365304.0,145338552936.0,0.0,Consumer Cyclicals
SMAR,5200.0,5400.0,703764000.0,2872193366.0,15509844176400.0,0.03846153846153855,Consumer Non-Cyclicals
SMBR,151.0,151.0,209103300.0,9932534336.0,1499812684736.0,0.0,Basic Materials
SMCB,775.0,775.0,0.0,9019381973.0,6990021029075.0,0.0,Basic Materials
SMDM,570.0,565.0,18192000.0,4772138237.0,2696258103905.0,-0.00877192982456143,Properties & Real Estate
SMDR,282.0,282.0,1335660000.0,16375600000.0,4617919200000.0,0.0,Transportation & Logistic
SMGA,69.0,68.0,454482000.0,8750000000.0,595000000000.0,-0.01449275362318836,Basic Materials
SMGR,1440.0,1450.0,16367283500.0,6751540089.0,9789733129050.0,0.00694444444444442,Basic Materials
SMIL,312.0,316.0,9003029000.0,8751668239.0,2765527163524.0,0.012820512820512775,Industrials
SMKL,137.0,139.0,11048900.0,3418085290.0,475113855310.0,0.014598540145985384,Basic Materials
SMKM,65.0,71.0,656728400.0,1253000000.0,88963000000.0,0.0923076923076922,Infrastructures
SMLE,130.0,128.0,1788643600.0,2328153048.0,298003590144.0,-0.01538461538461533,Basic Materials
SMMA,20675.0,20700.0,60977500.0,6367664717.0,131810659641900.0,0.0012091898428052694,Financials
SMMT,1815.0,1805.0,26148000.0,3425000000.0,6182125000000.0,-0.0055096418732781816,Energy
SMRA,290.0,290.0,2584152400.0,16508568358.0,4787484823820.0,0.0,Properties & Real Estate
SMRU,50.0,50.0,0.0,12499385782.0,624969289100.0,0.0,Energy
SMSM,1725.0,1740.0,1341931000.0,5758675440.0,10020095265600.0,0.008695652173912993,Consumer Cyclicals
SNLK,222.0,224.0,3440081600.0,450000000.0,100800000000.0,0.009009009009008917,Consumer Cyclicals
SOCI,362.0,364.0,3011340400.0,7059000000.0,2569476000000.0,0.005524861878453136,Energy
SOFA,228.0,236.0,757235600.0,1653574499.0,390243581764.0,0.03508771929824572,Consumer Cyclicals
SOHO,1215.0,1200.0,23559000.0,12691682390.0,15230018868000.0,-0.012345679012345734,Healthcare
SOLA,103.0,103.0,510036900.0,3287375000.0,338599625000.0,0.0,Basic Materials
SONA,2240.0,2270.0,28310000.0,662400000.0,1503648000000.0,0.013392857142857206,Consumer Cyclicals
SOSS,970.0,875.0,2975000.0,974525743.0,852710025125.0,-0.09793814432989689,Industrials
SOTS,600.0,610.0,32348500.0,1000003979.0,610002427190.0,0.016666666666666607,Consumer Cyclicals
SOUL,37.0,37.0,0.0,1082526223.0,40053470251.0,0.0,Consumer Non-Cyclicals
SPMA,170.0,168.0,57346200.0,4100317438.0,688853329584.0,-0.0117647058823529,Basic Materials
SPRE,82.0,83.0,62043600.0,800000000.0,66400000000.0,0.012195121951219523,Consumer Cyclicals
SPTO,585.0,590.0,456887500.0,2700000000.0,1593000000000.0,0.008547008547008517,Industrials
SQMI,61.0,57.0,797502800.0,15537591429.0,885642711453.0,-0.06557377049180324,Basic Materials
SRAJ,11600.0,11000.0,118867500.0,12238959990.0,134628559890000.0,-0.051724137931034475,Healthcare
SRIL,146.0,146.0,0.0,20452176844.0,2986017819224.0,0.0,Consumer Cyclicals
SRSN,65.0,65.0,1007295200.0,6020000000.0,391300000000.0,0.0,Basic Materials
SRTG,1620.0,1675.0,7246058500.0,13564835000.0,22721098625000.0,0.033950617283950546,Financials
SSIA,1495.0,1540.0,19781379000.0,4705249440.0,7246084137600.0,0.030100334448160515,Infrastructures
SSMS,855.0,880.0,10304257500.0,9525000000.0,8382000000000.0,0.029239766081871288,Consumer Non-Cyclicals
SSTM,382.0,380.0,16985400.0,1170909181.0,444945488780.0,-0.005235602094240788,Consumer Cyclicals
STAA,1015.0,1010.0,2750029000.0,10903372600.0,11012406326000.0,-0.0049261083743842304,Consumer Non-Cyclicals
STAR,288.0,280.0,18687800.0,4800000602.0,1344000168560.0,-0.02777777777777779,Financials
STRK,72.0,70.0,2448388300.0,10721835562.0,750528489340.0,-0.02777777777777779,Consumer Non-Cyclicals
STTP,9750.0,9750.0,5862500.0,1310000000.0,12772500000000.0,0.0,Consumer Non-Cyclicals
SUGI,50.0,50.0,0.0,24811541414.0,1240577070700.0,0.0,Energy
SULI,78.0,79.0,72103500.0,6320776836.0,499341370044.0,0.012820512820512775,Basic Materials
SUNI,600.0,600.0,194473500.0,2500000000.0,1500000000000.0,0.0,Energy
SUPA,580.0,585.0,5863576500.0,33558047450.0,19631457758250.0,0.008620689655172376,Financials
SUPR,43850.0,43850.0,0.0,1137579698.0,49882869757300.0,0.0,Infrastructures
SURE,2760.0,2750.0,10189000.0,1497576771.0,4118336120250.0,-0.0036231884057971175,Energy
SURI,67.0,66.0,431307200.0,6334375000.0,418068750000.0,-0.014925373134328401,Healthcare
SWAT,16.0,16.0,0.0,3019200000.0,48307200000.0,0.0,Basic Materials
SWID,91.0,93.0,87626200.0,5385019201.0,500806785693.0,0.0219780219780219,Consumer Cyclicals
TALF,595.0,610.0,14262000.0,1353435000.0,825595350000.0,0.025210084033613356,Basic Materials
TAMA,182.0,182.0,1537306600.0,1200000696.0,218400126672.0,0.0,Infrastructures
TAMU,19.0,20.0,62089900.0,37500000000.0,750000000000.0,0.05263157894736836,Energy
TAPG,1565.0,1555.0,15632688000.0,19852540000.0,30870699700000.0,-0.006389776357827448,Consumer Non-Cyclicals
TARA,33.0,33.0,35007300.0,10069645750.0,332298309750.0,0.0,Properties & Real Estate
TAXI,12.0,13.0,94201100.0,10223647156.0,132907413028.0,0.08333333333333326,Transportation & Logistic
TAYS,50.0,50.0,0.0,1098920000.0,54946000000.0,0.0,Consumer Non-Cyclicals
TBIG,1440.0,1455.0,1013725000.0,22656999445.0,32965934192475.0,0.01041666666666674,Infrastructures
TBLA,635.0,635.0,338528000.0,6025373372.0,3826112091220.0,0.0,Consumer Non-Cyclicals
TBMS,1215.0,1230.0,35538000.0,734680000.0,903656400000.0,0.012345679012345734,Basic Materials
TCID,2740.0,2720.0,19812000.0,402133334.0,1093802668480.0,-0.007299270072992692,Consumer Non-Cyclicals
TCPI,6000.0,5875.0,40008257500.0,5000000000.0,29375000000000.0,-0.02083333333333337,Energy
TDPM,119.0,119.0,0.0,10485050500.0,1247721009500.0,0.0,Basic Materials
TEBE,1010.0,1010.0,224136500.0,1285000000.0,1297850000000.0,0.0,Energy
TECH,50.0,50.0,0.0,1256300000.0,62815000000.0,0.0,Technology
TELE,9.0,9.0,0.0,7310929389.0,65798364501.0,0.0,Consumer Cyclicals
TFAS,179.0,179.0,35226400.0,1666666500.0,298333303500.0,0.0,Technology
TFCO,720.0,790.0,1727000.0,4823076400.0,3810230356000.0,0.09722222222222232,Consumer Cyclicals
TGKA,4920.0,4730.0,19926000.0,918492750.0,4344470707500.0,-0.03861788617886175,Consumer Non-Cyclicals
TGRA,27.0,27.0,0.0,2750000000.0,74250000000.0,0.0,Infrastructures
TGUK,137.0,137.0,0.0,3571451815.0,489288898655.0,0.0,Consumer Non-Cyclicals
TIFA,242.0,236.0,2383000.0,3552213000.0,838322268000.0,-0.024793388429752095,Financials
TINS,3480.0,3500.0,118143250000.0,7447753454.0,26067137089000.0,0.005747126436781658,Basic Materials
TIRA,500.0,510.0,325574000.0,588000000.0,299880000000.0,0.020000000000000018,Industrials
TIRT,590.0,590.0,0.0,1011774750.0,596947102500.0,0.0,Basic Materials
TKIM,5600.0,5600.0,6471312500.0,3113223570.0,17434051992000.0,0.0,Basic Materials
TLDN,520.0,510.0,328221500.0,12946530200.0,6602730402000.0,-0.019230769230769273,Consumer Non-Cyclicals
TLKM,2560.0,2520.0,359088695000.0,99062216600.0,249636785832000.0,-0.015625,Infrastructures
TMAS,118.0,119.0,597012900.0,57051500000.0,6789128500000.0,0.008474576271186418,Transportation & Logistic
TMPO,104.0,103.0,477865200.0,1058333250.0,109008324750.0,-0.009615384615384581,Consumer Cyclicals
TNCA,137.0,134.0,588720200.0,421640000.0,56499760000.0,-0.021897810218978075,Transportation & Logistic
TOBA,464.0,460.0,6885696600.0,8319512975.0,3826975968500.0,-0.008620689655172376,Energy
TOOL,68.0,69.0,3787521800.0,2050020320.0,141451402080.0,0.014705882352941124,Consumer Cyclicals
TOPS,1.0,1.0,0.0,33330000000.0,33330000000.0,0.0,Infrastructures
TOSK,63.0,65.0,1217924000.0,4375277300.0,284393024500.0,0.031746031746031855,Technology
TOTL,1050.0,1050.0,875730500.0,3410000000.0,3580500000000.0,0.0,Infrastructures
TOTO,240.0,240.0,199913800.0,10320000000.0,2476800000000.0,0.0,Industrials
TOWR,378.0,378.0,10250813400.0,59098103731.0,22339083210318.0,0.0,Infrastructures
TOYS,8.0,8.0,0.0,1435000712.0,11480005696.0,0.0,Consumer Cyclicals
TPIA,1880.0,1910.0,565003832000.0,86511545092.0,165237051125720.0,0.015957446808510634,Basic Materials
TPMA,444.0,444.0,434216000.0,3507420034.0,1557294495096.0,0.0,Energy
TRAM,50.0,50.0,0.0,49643627934.0,2482181396700.0,0.0,Energy
TRGU,162.0,165.0,31179500.0,7945412700.0,1310993095500.0,0.0185185185185186,Consumer Non-Cyclicals
TRIL,50.0,50.0,0.0,1200000000.0,60000000000.0,0.0,Industrials
TRIM,565.0,570.0,50693500.0,7109300000.0,4052301000000.0,0.008849557522123908,Financials
TRIN,322.0,324.0,1080258400.0,4551457789.0,1474672323636.0,0.006211180124223503,Properties & Real Estate
TRIO,426.0,426.0,0.0,26007494645.0,11079192718770.0,0.0,Consumer Cyclicals
TRIS,164.0,166.0,66344000.0,3141443831.0,521479675946.0,0.012195121951219523,Consumer Cyclicals
TRJA,112.0,113.0,9526600.0,1510200000.0,170652600000.0,0.008928571428571397,Transportation & Logistic
TRON,101.0,100.0,276550500.0,2951328448.0,295132844800.0,-0.00990099009900991,Technology
TRST,480.0,486.0,8161600.0,2808000000.0,1364688000000.0,0.012499999999999956,Basic Materials
TRUE,50.0,50.0,0.0,7571107860.0,378555393000.0,0.0,Properties & Real Estate
TRUK,418.0,422.0,85982000.0,435000000.0,183570000000.0,0.009569377990430672,Transportation & Logistic
TRUS,438.0,454.0,260164400.0,800000000.0,363200000000.0,0.0365296803652968,Financials
TSPC,2480.0,2520.0,1539562000.0,4509864300.0,11364858036000.0,0.016129032258064502,Healthcare
TUGU,1275.0,1275.0,1658426000.0,3555575600.0,4533358890000.0,0.0,Financials
TYRE,112.0,112.0,48152300.0,3480581727.0,389825153424.0,0.0,Consumer Cyclicals
UANG,2450.0,2470.0,691398000.0,1210000000.0,2988700000000.0,0.008163265306122547,Properties & Real Estate
UCID,380.0,380.0,74425200.0,4156572300.0,1579497474000.0,0.0,Consumer Non-Cyclicals
UDNG,1380.0,1340.0,896348000.0,1750040072.0,2345053696480.0,-0.02898550724637683,Consumer Non-Cyclicals
UFOE,134.0,134.0,12703700.0,2898261693.0,388367066862.0,0.0,Consumer Cyclicals
ULTJ,1405.0,1415.0,2596584500.0,10398175200.0,14713417908000.0,0.007117437722419906,Consumer Non-Cyclicals
UNIC,12425.0,12425.0,447987500.0,383331363.0,4762892185275.0,0.0,Basic Materials
UNIQ,104.0,107.0,1272523400.0,3138983000.0,335871181000.0,0.028846153846153744,Energy
UNIT,316.0,316.0,0.0,75422200.0,23833415200.0,0.0,Consumer Cyclicals
UNSP,206.0,206.0,0.0,2500162344.0,515033442864.0,0.0,Consumer Non-Cyclicals
UNTD,73.0,75.0,1433145100.0,6666666700.0,500000002500.0,0.027397260273972712,Consumer Cyclicals
UNTR,27500.0,27400.0,91165842500.0,3730135136.0,102205702726400.0,-0.0036363636363636598,Industrials
UNVR,1675.0,1670.0,15254784500.0,38150000000.0,63710500000000.0,-0.0029850746268657025,Consumer Non-Cyclicals
URBN,230.0,228.0,163067200.0,3232122640.0,736923961920.0,-0.008695652173912993,Properties & Real Estate
UVCR,134.0,136.0,5016263700.0,2000144838.0,272019697968.0,0.014925373134328401,Technology
VAST,114.0,115.0,134843900.0,3055737049.0,351409760635.0,0.00877192982456143,Properties & Real Estate
VERN,193.0,204.0,21123964700.0,4765648183.0,972192229332.0,0.05699481865284972,Consumer Cyclicals
VICI,625.0,615.0,259375500.0,6708000000.0,4125420000000.0,-0.016000000000000014,Consumer Non-Cyclicals
VICO,133.0,134.0,2694500.0,15217075658.0,2039088138172.0,0.007518796992481258,Financials
VINS,140.0,141.0,18422900.0,1553430759.0,219033737019.0,0.0071428571428571175,Financials
VISI,880.0,920.0,861593000.0,3075000000.0,2829000000000.0,0.045454545454545414,Industrials
VIVA,34.0,33.0,219508100.0,16464270400.0,543320923200.0,-0.02941176470588236,Consumer Cyclicals
VKTR,725.0,715.0,36647338500.0,43750000000.0,31281250000000.0,-0.01379310344827589,Consumer Cyclicals
VOKS,196.0,196.0,3739800.0,4155602595.0,814498108620.0,0.0,Industrials
VRNA,75.0,75.0,82270200.0,5687353997.0,426551549775.0,0.0,Financials
VTNY,60.0,63.0,1229470300.0,6265193445.0,394707187035.0,0.050000000000000044,Financials
WAPO,116.0,117.0,33232200.0,1240923111.0,145188003987.0,0.008620689655172376,Consumer Non-Cyclicals
WBSA,630.0,630.0,5339602500.0,8675000000.0,5465250000000.0,0.0,Transportation & Logistic
WEGE,50.0,50.0,10330000.0,9572000000.0,478600000000.0,0.0,Infrastructures
WEHA,101.0,101.0,285260300.0,1460554819.0,147516036719.0,0.0,Transportation & Logistic
WGSH,141.0,147.0,2054423900.0,2085000000.0,306495000000.0,0.042553191489361764,Technology
WICO,123.0,123.0,0.0,2393710348.0,294426372804.0,0.0,Consumer Non-Cyclicals
WIDI,26.0,26.0,80664300.0,1600031683.0,41600823758.0,0.0,Industrials
WIFI,1830.0,1850.0,58216737500.0,5308549015.0,9820815677750.0,0.010928961748633892,Technology
WIIM,1585.0,1580.0,603288500.0,2099873760.0,3317800540800.0,-0.003154574132492094,Consumer Non-Cyclicals
WIKA,204.0,204.0,0.0,39873063858.0,8134105027032.0,0.0,Infrastructures
WINE,148.0,150.0,355351800.0,2710000000.0,406500000000.0,0.013513513513513598,Consumer Non-Cyclicals
WINR,21.0,21.0,187415100.0,5235316030.0,109941636630.0,0.0,Properties & Real Estate
WINS,530.0,535.0,861797000.0,4523065893.0,2419840252755.0,0.009433962264151052,Energy
WIRG,52.0,53.0,1513651600.0,11938622394.0,632746986882.0,0.019230769230769162,Technology
WMPP,21.0,20.0,612510900.0,29419000000.0,588380000000.0,-0.04761904761904767,Consumer Non-Cyclicals
WMUU,50.0,50.0,22750000.0,12941176500.0,647058825000.0,0.0,Consumer Non-Cyclicals
WOMF,252.0,248.0,10725800.0,3481481480.0,863407407040.0,-0.015873015873015928,Financials
WOOD,193.0,202.0,1324121400.0,6437500000.0,1300375000000.0,0.04663212435233155,Consumer Cyclicals
WOWS,61.0,60.0,670855800.0,2475720000.0,148543200000.0,-0.016393442622950838,Energy
WSBP,14.0,14.0,0.0,56959163746.0,797428292444.0,0.0,Basic Materials
WSKT,202.0,202.0,0.0,28806807016.0,5818975017232.0,0.0,Infrastructures
WTON,73.0,74.0,556715200.0,8715466600.0,644944528400.0,0.013698630136986356,Basic Materials
YELO,75.0,73.0,1641012700.0,1912774405.0,139632531565.0,-0.026666666666666616,Consumer Cyclicals
YOII,87.0,87.0,260165100.0,3926118645.0,341572322115.0,0.0,Financials
YPAS,595.0,600.0,9819500.0,668000089.0,400800053400.0,0.008403361344537785,Basic Materials
YULE,3350.0,3350.0,5555000.0,1785000000.0,5979750000000.0,0.0,Financials
YUPI,1335.0,1330.0,133996000.0,8544488700.0,11364169971000.0,-0.0037453183520599342,Consumer Non-Cyclicals
ZATA,50.0,50.0,0.0,8496000000.0,424800000000.0,0.0,Consumer Cyclicals
ZBRA,50.0,50.0,0.0,2510706263.0,125535313150.0,0.0,Industrials
ZINC,30.0,30.0,0.0,25250000000.0,757500000000.0,0.0,Basic Materials
ZONE,525.0,520.0,32792500.0,870171478.0,452489168560.0,-0.00952380952380949,Consumer Cyclicals
ZYRX,128.0,128.0,84957100.0,1333334556.0,170666823168.0,0.0,Technology
