date,close,open,high,low,ma20,ma60,ret_1d,ret_5d,ret_20d,rolling_high_20d,drawdown_20d,close_vs_ma20_score,ma20_vs_ma60_score,return_5d_score,return_20d_score,drawdown_20d_score,price_trend_score_raw,price_trend_score,price_trend_label
2025-03-21,6258.18,6418.39,6426.17,6218.6,,,,,,,,,,,,,,,Breakdown
2025-03-24,6161.22,6242.23,6269.9,5967.19,,,-0.015493322339721782,,,,,,,,,,,,Breakdown
2025-03-25,6235.62,6197.99,6265.3,6178.49,,,0.01207553049558352,,,,,,,,,,,,Breakdown
2025-03-26,6472.36,6314.33,6489.15,6312.97,,,0.037965751601284126,,,,,,,,,,,,Breakdown
2025-03-27,6510.62,6462.6,6510.62,6417.24,,,0.005911290472099928,,,,,,,,,,,,Breakdown
2025-04-08,5996.14,5914.29,6036.55,5882.6,,,-0.07902165999551491,-0.0418715984519461,,,,,,29.06420077402695,,,,,Breakdown
2025-04-09,5967.99,5978.44,6092.41,5949.6,,,-0.00469468691524888,-0.03136229512986077,,,,,,34.318852435069616,,,,,Breakdown
2025-04-10,6254.02,6270.61,6310.83,6188.67,,,0.04792735912761259,0.0029507891757356575,,,,,,53.918012964228176,,,,,Breakdown
2025-04-11,6262.23,6195.57,6298.78,6148.78,,,0.0013127556355749803,-0.032465746651916816,,,,,,33.76712667404159,,,,,Breakdown
2025-04-14,6368.52,6225.34,6404.07,6225.34,,,0.01697318686793703,-0.021825878334167825,,,,,,39.08706083291609,,,,,Breakdown
2025-04-15,6441.68,6444.34,6497.53,6395.93,,,0.011487755396858201,0.07430446920852418,,,,,,97.15223460426209,,,,,Breakdown
2025-04-16,6400.05,6461.27,6469.6,6373.79,,,-0.006462599818680803,0.07239623390789873,,,,,,96.19811695394937,,,,,Breakdown
2025-04-17,6438.27,6407.02,6438.27,6384.29,,,0.005971828345091135,0.0294610506522206,,,,,,71.3073671014804,,,,,Breakdown
2025-04-21,6445.97,6450.31,6472.54,6406.8,,,0.00119597345249578,0.0293409855594573,,,,,,71.22732370630487,,,,,Breakdown
2025-04-22,6538.27,6455.08,6538.32,6428.1,,,0.01431902413445929,0.026654544540960945,,,,,,69.4363630273073,,,,,Breakdown
2025-04-23,6634.38,6589.33,6642.92,6588.26,,,0.014699607082607535,0.029914556451112073,,,,,,71.60970430074138,,,,,Breakdown
2025-04-24,6613.48,6671.07,6697.9,6585.46,,,-0.0031502566931650433,0.03334817696736736,,,,,,73.89878464491157,,,,,Breakdown
2025-04-25,6678.92,6660.62,6683.36,6640.78,,,0.009894941846047889,0.037378053421182944,,,,,,76.5853689474553,,,,,Breakdown
2025-04-28,6722.97,6716.21,6738.35,6688.78,,,0.006595377695795213,0.042972585972320676,,,,,,80.31505731488045,,,,,Breakdown
2025-04-29,6749.08,6748.99,6763.89,6724.32,6407.4985,,0.003883700209877494,0.032242473926588966,,6763.89,-0.002189568428818345,91.10321654126545,,73.16164928439264,,97.81043157118165,,,Breakdown
2025-04-30,6766.79,6755.46,6791.25,6725.97,6432.929000000001,,0.0026240613535475354,0.019958157356075423,0.08127123221128185,6791.25,-0.0036016933554205988,90.6329180170753,,64.97280228144902,85.4767120792307,96.3983066445794,,,Breakdown
2025-05-02,6815.73,6811.11,6818.28,6765.83,6465.654500000001,,0.007232380493557455,0.03058147903977937,0.10623058420247933,6818.28,-0.00037399461447762405,91.38128707619616,,72.05431935985291,94.83646907592976,99.62600538552238,,,Breakdown
2025-05-05,6831.95,6844.37,6879.11,6824.4,6495.471,,0.0023797891054957443,0.022912387032633985,0.09563283201991135,6879.11,-0.006855537998374794,90.6006980350873,,66.94159135508933,90.86231200746676,93.1444620016252,,,Breakdown
2025-05-06,6898.2,6860.45,6913.69,6858.15,6516.763,,0.009697085019650276,0.026064373334999225,0.06579362087399354,6913.69,-0.0022404822894864784,92.84388890619466,,69.04291555666614,79.31744834959741,97.75951771051352,,,Breakdown
2025-05-07,6926.23,6925.25,6970.5,6909.96,6537.5435,,0.004063378852454225,0.026248021952621547,0.06383570228334623,6970.5,-0.006351050857183904,93.15150611744816,,69.16534796841437,78.53428091333849,93.6489491428161,,,Breakdown
2025-05-08,6827.75,6945.98,6965.93,6824.65,6579.124000000001,,-0.014218413191591894,0.00900870279704269,0.1386908911399667,6970.5,-0.020479162183487554,83.8950687051953,,57.85565681807775,100.0,82.14062836238433,,,Breakdown
2025-05-09,6832.8,6849.45,6882.32,6811.77,6622.364500000001,,0.0007396287210281738,0.002504500618422556,0.14490808463150917,6970.5,-0.019754680438992867,80.88824505205044,,53.627925401974665,100.0,82.68398967075535,,,Breakdown
2025-05-14,6979.88,6915.96,6987.78,6914.75,6658.657499999999,,0.02152558248448666,0.021652676029537687,0.11606294831164599,6987.78,-0.0011305450371934533,89.12066546447244,,66.10178401969179,98.52360561686724,98.86945496280654,,,Breakdown
2025-05-15,7040.16,7003.15,7076.74,7002.37,6697.553999999999,,0.008636251626102487,0.020579281551709183,0.12422571512065206,7076.74,-0.005169046764470608,90.38463295704673,,65.38618770113945,100.0,94.83095323552939,,,Breakdown
2025-05-16,7106.53,7092.23,7106.53,7009.85,6734.4545,,0.009427342560396346,0.026031477441551987,0.11588406725581435,7106.53,0.0,91.74984600955183,,69.02098496103466,98.45652522093039,100.0,,,Breakdown
2025-05-19,7141.09,7113.44,7160.66,7085.97,6769.425,,0.004863132921411717,0.04589213137563619,0.10857571316799342,7160.66,-0.0027329882999611588,91.63449382086857,,82.26142091709079,95.71589243799752,97.26701170003884,,,Breakdown
2025-05-20,7094.6,7164.15,7202.82,7088.62,6804.152499999999,,-0.006510210626108903,0.03831518557545954,0.10852258966726835,7202.82,-0.015024670892789138,86.34340022508319,,77.21012371697303,95.69597112522564,86.23149683040815,,,Breakdown
2025-05-21,7142.46,7114.7,7170.72,7109.22,6839.362000000001,,0.006745975812589844,0.023292664057261714,0.1093756552614289,7202.82,-0.008380051146634204,87.15835336687832,,67.19510937150781,96.01587072303583,91.6199488533658,,,Breakdown
2025-05-22,7166.98,7165.1,7190.67,7136.78,6875.4125,,0.0034329908742924964,0.01801379514101953,0.11185438343647269,7202.82,-0.004975828911454094,86.20363687269666,,63.70896684166269,96.94539378867726,95.0241710885459,,,Breakdown
2025-05-23,7214.16,7206.36,7223.25,7177.25,6909.207,,0.0065829680004687585,0.015145225588296896,0.10337444002771368,7223.25,-0.0012584362994496612,87.06859629477009,,61.844396632392986,93.76541501039263,98.74156370055034,,,Breakdown
2025-05-26,7188.35,7231.48,7240.08,7129.39,6936.905499999999,,-0.0035776861062132292,0.006618037302428714,0.08349988996711066,7240.08,-0.007144948674600249,83.12367921114111,,56.301724246578665,86.3124587376665,92.85505132539976,,,Breakdown
2025-05-27,7198.97,7204.17,7212.57,7162.96,6966.1799999999985,,0.0014773904999061394,0.01471118879147526,0.08852979066996514,7240.08,-0.005678114053988326,81.70858347042436,,61.56227271445892,88.19867150123693,94.32188594601168,,,Breakdown
2025-05-28,7175.82,7223.51,7237.34,7166.68,6991.025,,-0.003215737806936292,0.004670659688678747,0.0743982560054619,7240.08,-0.00887559253488912,78.21658841157058,,55.03592879764118,82.75930240218476,91.12440746511088,,,Breakdown
2025-06-02,7065.07,7134.49,7152.91,7035.84,7008.13,,-0.015433776209548222,-0.014219378315552644,0.05088524863267274,7240.08,-0.02417238483552675,66.09363696164311,,43.468373010668415,73.3540994530691,79.37071137335494,,,Breakdown
2025-06-03,7044.82,7071.64,7090.35,6994.16,7022.9169999999995,,-0.002866213639779902,-0.023473280326469115,0.04381930574241233,7240.08,-0.026969315256185067,62.33909214646849,,38.263359836765446,70.52772229696492,77.2730135578612,,,Breakdown
2025-06-04,7069.04,7083.24,7094.45,7052.91,7038.0295,,0.003437987059995873,-0.01659768931674177,0.04466667356309273,7240.08,-0.02362404835305687,63.304600385661885,,42.04138640995494,70.86666942523709,79.78196373520734,,,Breakdown
2025-06-05,7113.42,7100.24,7136.64,7083.89,7052.914,,0.006278080191935542,-0.011883644465805587,0.04367690621547515,7240.08,-0.01749428183113999,66.43414906235917,,44.86981332051665,70.47076248619007,84.379288626645,,,Breakdown
2025-06-10,7230.75,7136.86,7230.75,7133.38,7072.854000000001,,0.01649417579729584,0.00765487428614442,0.058372792540928975,7240.08,-0.0012886597938144284,76.16211362485342,,56.975668285993876,76.3491170163716,98.71134020618557,,,Breakdown
2025-06-11,7222.46,7232.68,7239.96,7172.2,7089.067,,-0.001146492410884048,0.022277203198269868,0.047006465454756396,7240.08,-0.0024336747660246294,74.11254118489785,,66.51813546551324,71.80258618190256,97.56632523397538,,,Breakdown
2025-06-12,7204.37,7219.56,7237.27,7191.9,7102.973999999999,,-0.0025046867687741337,0.022647846218923906,0.040157488272841046,7240.08,-0.004932265941812841,70.70636046253315,,66.76523081261594,69.06299530913643,95.06773405818716,,,Breakdown
2025-06-13,7166.06,7191.12,7192.66,7149.61,7119.889499999999,,-0.005317605842009687,0.01372463587700734,0.049549265863571446,7240.08,-0.010223643937635973,64.86354107040576,,60.92101332005477,72.81970634542859,89.83226704677303,,,Breakdown
2025-06-16,7117.59,7158.9,7211.54,7117.59,7134.129000000001,,-0.006763828379890757,0.0005862159130207711,0.04167983842641387,7240.08,-0.01691832134451554,58.29991860253715,,52.3810403434635,69.67193537056555,84.81125899161334,,,Breakdown
2025-06-17,7155.85,7163.03,7181.47,7143.6,7142.9275,,0.005375414992996319,-0.010358538187601463,0.02521103514673606,7240.08,-0.011633849349730885,61.35684913503614,,45.78487708743912,62.92478189691896,88.77461298770184,,,Breakdown
2025-06-18,7107.79,7155.12,7166.67,7089.46,7146.308999999999,,-0.006716183262645337,-0.01587686190023896,0.009606315765550821,7240.08,-0.01827189754809344,56.0472928519231,,42.47388285985662,56.16273683173869,83.79607683892992,,,Breakdown
2025-06-19,6968.64,7107.79,7115.9,6935.01,7139.414500000001,,-0.01957711187302935,-0.03272041830166961,-0.019403281207565404,7240.08,-0.037491298438691256,42.458696951503036,,33.639790849165195,45.40288438942776,69.38152617098156,,,Breakdown
2025-06-20,6907.14,6948.28,6956.81,6873.72,7127.717,,-0.00882525141204027,-0.03613143066064195,-0.032761105097401044,7240.08,-0.04598567971624612,37.62145017822682,,31.934284669679027,40.861224266883646,63.01074021281541,,,Breakdown
2025-06-23,6787.14,6833.48,6834.77,6745.15,7112.344,,-0.017373326731469185,-0.04642723168937801,-0.04333718602881065,7240.08,-0.0625600822090363,31.710445951433197,,26.786384155310994,37.26535675020438,53.71995889548185,,,Breakdown
2025-06-24,6869.17,6864.28,6924.97,6852.11,7098.6795,,0.012086092227359346,-0.04006232662786391,-0.038262727407643915,7240.08,-0.05123009690500657,37.06748205775452,,29.968836686068048,38.99067268140107,59.38495154749671,,,Breakdown
2025-06-25,6832.14,6908.92,6918.78,6814.74,7081.9375,,-0.005390753176875762,-0.03878139337262354,-0.046719817831220256,7240.08,-0.05634468127423997,35.8910079339164,,30.60930331368823,36.115261937385114,56.82765936288001,,,Breakdown
2025-06-26,6897.4,6842.01,6897.4,6817.41,7066.099499999999,,0.009551911992435658,-0.010222941635670724,-0.043908091863779086,7240.08,-0.04733096871857778,42.49204293448368,,45.866235018597564,37.07124876631511,62.00177346106666,,,Breakdown
2025-06-30,6927.68,6936.06,6949.28,6876.26,7053.066000000001,,0.004390060022617215,0.0029737344255365006,-0.03626284195955953,7239.96,-0.04313283498803855,46.963154274561774,,53.93292737659873,39.67063373374976,65.15037375897109,,,Breakdown
2025-07-01,6915.36,6954.39,6971.24,6885.14,7038.885500000001,,-0.00177837313501783,0.018891609720736557,-0.03939591358208194,7239.96,-0.04483450184807658,47.1307230858255,,64.27954631847876,38.60538938209214,63.874123613942565,,,Breakdown
2025-07-02,6881.25,6896.42,6905.37,6838.4,7024.157000000001,,-0.0049324980912056615,0.0017585821867853735,-0.04105036079500313,7239.96,-0.04954585384449639,45.080278435310134,,53.14307842141049,38.04287732969894,60.34060961662771,,,Breakdown
2025-07-03,6878.05,6898.63,6922.73,6877.44,7014.806,,-0.00046503178928247735,0.006719710076198648,-0.026471075304278613,7239.96,-0.04998784523671396,45.703420260897765,,56.36781154952912,42.999834396545275,60.009116072464536,,,Breakdown
2025-07-04,6865.19,6893.22,6916.67,6843.69,7005.8245,6812.08,-0.00186971598054686,-0.004669875605300522,-0.02549816744785527,7239.96,-0.0517640981441887,45.279110736121524,79.22065653955917,49.19807463681968,43.330623067729206,59.11795092790565,55.63990083604014,56.0,Recovery / Constructive Trend
2025-07-07,6900.93,6874.01,6900.93,6844.86,6997.419,6822.7925,0.005205973906039052,-0.0038613215391011257,-0.02378116406188102,7239.96,-0.04682760678235787,49.88790009573532,77.7972893796785,49.683207076539325,43.914404218960456,62.379294913231604,57.17742391311532,57.0,Recovery / Constructive Trend
2025-07-08,6904.39,6892.34,6916.83,6885.28,6986.967500000001,6835.178666666666,0.0005013816978292063,-0.0015863237777931083,-0.02938530270952644,7239.96,-0.046349703589522506,51.332887503293335,76.10350151295737,51.04820573332414,42.00899707876101,62.73772230785812,57.21050456849213,57.0,Recovery / Constructive Trend
2025-07-09,6943.92,6918.7,6943.92,6907.21,6972.625999999999,6846.983666666666,0.00572534286157067,0.00910735694822895,-0.03966808422362822,7239.96,-0.04088972867253404,56.98089834924943,73.76252005079992,57.91978201634882,38.512851363966405,66.83270349559947,59.57905397489949,60.0,Recovery / Constructive Trend
2025-07-10,7005.37,6968.8,7013.63,6955.46,6961.7715,6855.867166666666,0.008849468311846964,0.018511060547684366,-0.030057625795089193,7237.27,-0.03204246905255714,64.69691873684735,71.58544179300647,64.03218935599483,41.78040722966968,73.46814821058214,63.72574984601346,64.0,Recovery / Constructive Trend
2025-07-11,7047.44,7036.3,7055.79,7026.49,6953.925,6864.814166666666,0.006005393005651394,0.026546971023380328,-0.021782612497692422,7211.54,-0.02275519514555846,70.08585079649255,69.73560585580319,69.36464734892022,44.59391175078458,80.43360364083115,67.0650332993834,67.0,Recovery / Constructive Trend
2025-07-14,7097.15,7130.54,7136.3,7071.34,6950.479500000001,6883.164333333333,0.007053625146152376,0.02843384877110755,-0.009616162856576849,7211.54,-0.015862076616090404,75.55110658192704,67.33476240796821,70.62256584740503,48.73050462876387,85.6034425379322,69.49345569415898,70.0,Recovery / Constructive Trend
2025-07-15,7140.47,7122.08,7161.84,7079.0,6951.6235,6902.705666666667,0.006103858591124611,0.03419273824334956,0.003214571224248619,7181.47,-0.005709137544263276,78.5829062088878,65.3150716214323,74.46182549556637,53.39298086384107,94.29086245573673,72.23403824228753,72.0,Healthy Uptrend
2025-07-16,7192.02,7182.65,7216.81,7142.86,6953.432000000001,6918.338999999999,0.007219412727733632,0.035729098261500836,0.00505460567228222,7216.81,-0.003435035701369382,82.15613239620373,63.804345233733244,75.48606550766722,54.19032912465563,96.56496429863061,73.48018492738927,74.0,Healthy Uptrend
2025-07-17,7287.02,7229.26,7291.56,7226.12,6962.3935,6935.418833333333,0.0132090845131132,0.040204871405792986,0.025215995407855463,7291.56,-0.0006226376797283661,88.31285211041289,62.91705526171909,78.46991427052865,62.926931343404036,99.37736232027163,77.29387823619714,77.0,Healthy Uptrend
2025-07-18,7311.92,7346.04,7401.58,7311.92,6979.5575,6951.1421666666665,0.0034170346726096756,0.037528520994857706,0.04926068788171012,7401.58,-0.012113629792557812,88.80971143227917,63.06589902623438,76.68568066323847,72.70427515268405,88.41477765558164,77.49364335735082,78.0,Healthy Uptrend
2025-07-21,7398.19,7366.31,7408.01,7306.87,7004.110000000001,6967.084,0.011798542653639554,0.04241702655291202,0.07109310076239939,7408.01,-0.0013255921630775935,92.08803592938047,63.985813864164854,79.94468436860801,81.43724030495976,98.6744078369224,81.69482794801316,82.0,Healthy Uptrend
2025-07-22,7344.74,7440.29,7457.38,7344.74,7031.99,6982.828833333333,-0.007224740105350014,0.02860736057990576,0.08215537030324982,7457.38,-0.01510450050822143,87.23765960986856,65.2802203634138,70.73824038660383,85.80826386371868,86.17162461883393,78.12740309257597,78.0,Healthy Uptrend
2025-07-23,7469.23,7378.23,7469.23,7355.0,7061.993,7000.0115,0.016949544844337527,0.03854410860926394,0.0873555320366215,7469.23,0.0,92.55533860389458,66.64086409000907,77.36273907284263,87.75832451373306,100.0,83.06311409529913,83.0,Healthy Uptrend
2025-07-24,7530.9,7485.08,7568.22,7478.36,7096.931,7018.093666666667,0.008256540500158671,0.03346772754843541,0.10227542175657978,7568.22,-0.0049311462933160355,93.71627538720614,68.42507991605117,73.97848503229028,93.35328315871742,95.06885370668397,83.5267274461087,84.0,Healthy Uptrend
2025-07-25,7543.5,7542.38,7552.77,7515.13,7129.236,7034.8475,0.0016731067999840032,0.03167157189903613,0.09367297822367848,7568.22,-0.0032662898277270314,92.7025897305125,70.06295801010614,72.78104793269075,90.12736683387944,96.73371017227296,83.07520205052765,83.0,Healthy Uptrend
2025-07-28,7614.77,7630.75,7669.45,7614.77,7163.5905,7051.187333333333,0.009447869026314004,0.029274728007796513,0.09918038939442941,7669.45,-0.00712958556350185,94.32743770971646,71.95577014405424,71.18315200519767,92.19264602291103,92.87041443649815,83.63974259705451,84.0,Healthy Uptrend
2025-07-29,7617.91,7625.79,7680.19,7565.79,7198.717999999999,7067.927833333333,0.0004123565124094508,0.037192603141840364,0.10159268642558028,7680.19,-0.00810917438240455,92.74382651651777,73.87855497581353,76.46173542789357,93.0972574095926,91.89082561759545,84.73880495768586,85.0,Healthy Uptrend
2025-07-30,7549.89,7642.25,7667.56,7528.13,7232.15,7082.444,-0.00892895820507189,0.01079897124603213,0.09716839237057218,7680.19,-0.016965726108338353,86.96718818055498,75.56880929803327,59.01933130992089,91.43814713896457,84.77570541874624,78.9795176533783,79.0,Healthy Uptrend
2025-07-31,7484.34,7551.24,7566.75,7476.38,7262.4645,7095.1335,-0.008682245701593039,-0.006182527984702979,0.08814853047011861,7680.19,-0.025500671207352887,80.27549635526614,76.79195571161561,48.29048320917821,88.05569892629448,78.37449659448534,73.9845389747121,74.0,Healthy Uptrend
2025-08-01,7537.77,7545.15,7579.61,7523.62,7296.0935,7108.278333333333,0.0071389060358026946,-0.0007595943527539673,0.09796961191168796,7680.19,-0.01854381206714928,81.56204789590487,78.21101663858126,51.544243388347624,91.73860446688299,83.59214094963804,76.45022197108254,77.0,Healthy Uptrend
2025-08-04,7464.65,7552.5,7560.06,7448.04,7324.2795,7119.909333333333,-0.009700481707454744,-0.01971431835761306,0.08168754066480877,7680.19,-0.02806440986486014,74.37381997778763,79.35202030662563,40.171408985432166,85.63282774930329,76.45169260135489,70.67452628961013,71.0,Healthy Uptrend
2025-08-05,7515.19,7502.69,7546.94,7463.06,7354.8195,7131.567,0.006770578660754367,-0.013484013331740652,0.08846545458758848,7680.19,-0.02148384349866339,75.9024089578269,80.65241552102081,43.90959200095561,88.17454547034568,81.38711737600245,73.0806385259465,73.0,Healthy Uptrend
2025-08-06,7503.75,7534.45,7549.27,7502.01,7382.811,7142.763666666667,-0.0015222502691215611,-0.006111347317643068,0.08062160854387712,7680.19,-0.022973389981237435,72.28586916284324,81.80353323557159,48.33319160941416,85.23310320395392,80.26995751407192,72.61524361162898,73.0,Healthy Uptrend
2025-08-07,7490.18,7546.34,7580.55,7490.18,7407.051500000001,7152.63,-0.00180842911877388,0.000780295924557084,0.06920548093819456,7680.19,-0.024740273352612308,68.41716504873763,82.78517132858836,52.50719235096211,80.68219237527782,78.94479498554077,71.71968917180655,72.0,Healthy Uptrend
2025-08-08,7533.38,7639.19,7648.9,7516.98,7431.3485,7162.7491666666665,0.005767551647623881,-0.0005824003650947152,0.06895269771718526,7680.19,-0.019115412509325913,70.2974076643021,83.74973750186004,51.65055978094317,80.5810790868741,83.16344061800557,72.76027455577594,73.0,Healthy Uptrend
2025-08-11,7605.92,7589.46,7630.11,7559.35,7456.786999999999,7175.718666666667,0.00962914389025915,0.018925200779674967,0.07168652205462767,7680.19,-0.009670333676640719,74.99972441213632,84.58468178518325,64.30138050678873,81.67460882185107,90.32966632335928,77.79052182690805,78.0,Healthy Uptrend
2025-08-12,7791.7,7666.09,7800.83,7646.91,7489.348499999998,7191.700333333333,0.024425710499190068,0.036793480936609724,0.09120267993563447,7800.83,-0.0011703882791959108,85.18543402006212,85.69386604493751,76.19565395773981,89.20100497586293,98.82961172080408,85.48133942726083,86.0,Strong Uptrend / Momentum Expansion
2025-08-13,7892.91,7846.12,7903.05,7835.3,7524.392999999999,7206.9175,0.012989463146681812,0.05186206896551715,0.09745384467785123,7903.05,-0.0012830489494563002,89.48815472557064,87.02574817874626,85.93103448275858,91.5451917541942,98.7169510505437,89.39256422709298,89.0,Strong Uptrend / Momentum Expansion
2025-08-14,7931.25,7909.02,7973.98,7905.55,7556.6044999999995,7221.768999999999,0.004857524031060878,0.058886435305960605,0.08840788141105693,7973.98,-0.005358679103784958,89.78927539478882,88.18237401390155,89.44321765298031,88.15295552914635,94.64132089621503,89.55809507150155,90.0,Strong Uptrend / Momentum Expansion
2025-08-15,7898.38,7967.77,8017.07,7898.37,7585.9275,7234.9664999999995,-0.004144365642237968,0.04845102729452111,0.08020601975951602,8017.07,-0.014804660555539528,85.59421870298661,89.25450069464729,83.96735152968074,85.07725740981851,86.39650458334536,86.18660016030125,86.0,Strong Uptrend / Momentum Expansion
2025-08-19,7862.95,7905.35,7931.76,7854.1,7609.1655,7246.9974999999995,-0.004485729985136189,0.03379341355154919,0.0628207710264268,8017.07,-0.019223980830902043,81.6762373613769,89.98745169982475,74.19560903436613,78.12830841057072,83.08201437682347,81.86630363951043,82.0,Healthy Uptrend
2025-08-20,7943.83,7874.9,7952.34,7863.86,7639.12,7261.151333333333,0.010286215733280812,0.019524622354556875,0.08156721681094226,8017.07,-0.009135507111700414,84.94405114725262,90.68451495341375,64.69100453046197,85.58770630410335,90.86449288829958,83.01715022306706,83.0,Healthy Uptrend
2025-08-21,7890.71,7903.29,7932.31,7848.88,7660.194,7273.622166666667,-0.006686950752974319,-0.0002787311650582769,0.0564288420627026,8017.07,-0.01576136917851534,80.04635522285724,91.04902914831548,51.83276130096503,75.57153682508104,85.6789731161135,77.04634394950254,77.0,Healthy Uptrend
2025-08-22,7858.85,7910.1,7913.39,7858.85,7676.5914999999995,7285.153333333334,-0.004037659475509714,-0.00912844759653264,0.04354725198847431,8017.07,-0.01973538961241439,76.87105631451146,91.24364804035231,46.52293144208041,70.41890079538973,82.6984577906892,74.00949609123496,74.0,Healthy Uptrend
2025-08-25,7926.91,7921.02,7951.98,7915.05,7695.762,7297.032499999999,0.008660300171144497,0.0036121331209690855,0.05082653940478554,8017.07,-0.01124600383930785,80.01787607257089,91.54756402688355,54.34788652862991,73.33061576191422,89.06549712051911,77.66797321055718,78.0,Healthy Uptrend
2025-08-26,7905.76,7971.79,7978.07,7881.21,7710.311500000001,7308.989333333333,-0.0026681266723098673,0.005444521458231266,0.03821389221210891,8017.07,-0.013884124748817173,77.67448792438542,91.63600822512264,55.538938947850326,68.28555688484357,87.08690643838712,76.2706603997316,76.0,Healthy Uptrend
2025-08-27,7936.18,7923.0,7945.44,7894.76,7726.225,7321.2761666666665,0.003847827406852744,-0.0009630115448089338,0.04177917565316469,8017.07,-0.010089721057693124,78.5871657892438,91.77041197530748,51.42219307311464,69.71167026126588,89.93270920673015,76.25321280508584,76.0,Healthy Uptrend
2025-08-28,7952.09,7951.87,8022.76,7941.94,7746.334999999999,7334.214000000001,0.0020047428359739605,0.007778767690106436,0.05327229933151334,8022.76,-0.008808689279001247,78.28079666061444,92.06385669502775,57.05619899856919,74.30891973260533,91.19131072099876,78.17691200364578,78.0,Healthy Uptrend
2025-08-29,7830.49,7899.89,7913.86,7765.6,7763.6425,7346.9710000000005,-0.015291577434360049,-0.0036086704797776425,0.046249903131071024,8022.76,-0.023965567959156275,66.4577451885503,92.23779069406058,49.834797712133415,71.4999612524284,79.52582403063279,71.64130736343446,72.0,Healthy Uptrend
2025-09-01,7736.07,7620.1,7783.42,7547.56,7773.5575,7358.4918333333335,-0.012057993816478874,-0.024074954805844873,0.02630751535268372,8022.76,-0.035734585105375305,56.46354538017715,92.13545003821093,37.962522597077566,63.39992331949628,70.69906117096852,64.14532525804267,64.0,Recovery / Constructive Trend
2025-09-02,7801.58,7771.33,7842.3,7771.33,7790.404,7370.700833333334,0.008468123995775567,-0.013177733703021666,0.04513674452251615,8022.76,-0.02756906600720954,61.0759390655477,92.31403255298765,44.093359778187,71.05469780900646,76.82320049459284,68.56048653435887,69.0,Recovery / Constructive Trend
2025-09-03,7885.86,7843.63,7911.62,7840.75,7808.9375,7383.574833333333,0.01080293991729886,-0.006340581992848038,0.04932277161322607,8022.76,-0.017063953053562675,67.38792889557632,92.5364373521959,48.195650804291176,72.72910864529042,84.702035209828,72.36918798535648,72.0,Healthy Uptrend
2025-09-04,7867.35,7873.84,7899.8,7855.74,7827.1175,7394.184833333333,-0.0023472392357966054,-0.010656318024569567,0.04845577211394314,8022.76,-0.01937113910923416,63.85510694070973,92.85014176342948,45.60620918525826,72.38230884557726,82.97164566807439,70.64482025376597,71.0,Healthy Uptrend
2025-09-08,7766.85,7929.06,7934.99,7766.85,7840.950999999999,7403.258000000001,-0.012774314095597594,-0.008127205321761366,0.03693769709139172,8022.76,-0.031898000189460984,53.069624675204246,93.04055772922312,47.12367680694318,67.77507883655669,73.57649985790427,66.12967400752962,66.0,Recovery / Constructive Trend
2025-09-09,7628.6,7748.51,7791.33,7619.72,7845.712000000001,7410.3285000000005,-0.017800009012662765,-0.013892066643657497,0.012639744709546097,8022.76,-0.049130224511265475,39.70668988784354,92.91786772115886,43.664760013805505,57.47722270746998,60.652331616550896,58.56124246717947,59.0,Recovery / Constructive Trend
2025-09-10,7699.01,7682.42,7726.38,7661.28,7850.366499999999,7419.211,0.009229740712581647,-0.013147336821515587,0.012239150556408784,8022.76,-0.040353943032073736,45.86119938901374,92.70446322841242,44.11159790709065,57.30363190777714,67.23454272594469,61.075794263986396,61.0,Recovery / Constructive Trend
2025-09-11,7747.9,7781.17,7819.1,7742.6,7848.176500000001,7429.716166666667,0.006350167099406168,-0.017494604266370395,-0.005621366325705535,8022.76,-0.034260030214041115,50.63016740258052,92.10750648460176,41.50323744017776,50.08873544926012,71.80497733946916,61.21038238129608,61.0,Recovery / Constructive Trend
2025-09-12,7854.06,7819.0,7854.81,7790.79,7846.234000000001,7441.353000000001,0.013701777255772596,-0.0016892600430894467,-0.004922138982960567,8022.76,-0.021027676261037298,60.74806588740534,91.46986486642058,50.98644397414633,50.32647274579341,81.72924280422203,67.01106996994723,67.0,Recovery / Constructive Trend
2025-09-15,7937.12,7891.26,7937.12,7889.19,7846.527500000001,7455.175166666667,0.010575422138358936,0.021922658478018775,0.0007401103230890715,8022.76,-0.010674630675727603,68.65916483438045,90.83134979323427,66.28177231867919,52.3207144733386,89.4940269932043,73.35945123267976,73.0,Healthy Uptrend
2025-09-16,7957.7,7979.32,7985.58,7899.67,7849.4935,7471.659499999999,0.0025928800370915717,0.0431402878640903,0.007510400867013267,8022.76,-0.008109428675418529,70.33886772439519,90.18965108532225,80.4268585760602,55.25450704237242,91.89057132458147,77.21167799267516,77.0,Healthy Uptrend
2025-09-17,8025.18,7964.42,8025.18,7940.51,7857.6050000000005,7490.293500000001,0.008479837138871904,0.042365187212381805,0.020632205469957254,8025.18,0.0,75.66323644418365,89.51916603801973,79.91012480825454,60.94062237031481,100.0,80.20188075995816,80.0,Healthy Uptrend
2025-09-18,8008.43,8065.74,8068.01,7993.52,7860.835000000001,7510.6483333333335,-0.002087180599064431,0.033625885723873594,0.00813209748949828,8068.01,-0.007384720643628384,74.08199637824737,88.31267895425815,74.08392381591572,55.52390891211592,92.61527935637162,76.70966768767644,77.0,Healthy Uptrend
2025-09-19,8051.12,7996.2,8051.12,7983.36,7868.8555,7530.347500000001,0.0053306328456388385,0.025090208121659296,0.020328969129520535,8068.01,-0.0020934530324082656,76.58138562844368,87.47625358590676,68.3934720811062,60.80921995612557,97.90654696759174,77.43421119140903,77.0,Healthy Uptrend
2025-09-22,8040.04,8082.26,8087.93,8005.35,7877.915000000001,7550.479166666667,-0.0013762060433827328,0.012966919991130199,0.02305553611533484,8087.93,-0.005921168951758982,75.28984191883254,86.68311613777274,60.42849799423463,61.990732316645094,94.07883104824101,75.04992416126075,75.0,Healthy Uptrend
2025-09-23,8125.2,8066.29,8125.2,8039.95,7887.8295,7570.9425,0.010591987104541678,0.021048795506239282,0.025014791387816926,8125.2,0.0,80.04662974776517,85.92784352806798,65.69919700415952,62.83974293472067,100.0,78.06175064738655,78.0,Healthy Uptrend
2025-09-24,8126.56,8161.28,8169.02,8077.84,7898.869499999999,7590.923833333333,0.0001673804952493363,0.012632738455710557,0.027929003663151875,8169.02,-0.005197685891330961,79.4128536368402,85.28380691388386,60.211279996211864,64.10256825403248,94.80231410866904,76.28268046773718,76.0,Healthy Uptrend
2025-09-25,8040.67,8130.02,8146.09,8022.98,7904.094,7609.679,-0.010569047665925146,0.004025757857657464,0.013166284030856179,8169.02,-0.015711798967318003,72.95936004809667,84.3447713103273,54.61674260747735,57.70538974670434,85.7161507745115,71.1247729029631,71.0,Healthy Uptrend
2025-09-26,8099.33,8051.76,8099.33,8035.0,7911.456,7629.980333333334,0.007295411949501673,0.00598798676457446,0.01851588701838125,8169.02,-0.008531011063750649,76.87354135572515,83.44537301341231,55.8921913969734,60.023551041298546,91.46898893624935,73.25227548928503,73.0,Healthy Uptrend
2025-09-29,8123.25,8139.58,8157.33,8100.02,7926.093999999999,7650.733666666667,0.0029533307076017312,0.010349450997756193,0.03738718777496697,8169.02,-0.005602875253090334,77.43714747768576,82.995681547055,58.72714314854153,67.95487510998679,94.39712474690967,75.35843700096677,75.0,Healthy Uptrend
2025-09-30,8061.06,8137.63,8150.34,8042.82,7942.343500000001,7670.664833333333,-0.007655802788292809,-0.00789395953330374,0.042009702600933174,8169.02,-0.01321578353339814,71.21046640704965,82.70893870151069,47.26362428001776,69.80388104037327,87.5881623499514,70.72249784454725,71.0,Healthy Uptrend
2025-10-01,8043.82,8069.94,8093.69,8034.25,7954.455499999999,7689.713000000001,-0.0021386765512229067,-0.01018142978086678,0.031050120616592958,8169.02,-0.015326195798272102,68.42589099907593,82.21406897760669,45.89114213147993,65.42004824663718,86.00535315129592,68.67305552254561,69.0,Recovery / Constructive Trend
2025-10-02,8071.08,8070.42,8109.44,8059.05,7963.7165,7709.157833333334,0.0033889370970510146,0.0037820231398626447,0.023487609468086035,8169.02,-0.011989198214718555,70.11118678069467,81.51014755243374,54.45831504091072,62.17796410283728,88.50810133896108,70.48006067982067,71.0,Healthy Uptrend
2025-10-03,8118.3,8099.65,8118.3,8076.6,7976.264,7728.730833333334,0.005850518146270467,0.0023421690436122855,0.031897652958111644,8169.02,-0.006208823090162574,73.3555007707869,81.0138302138223,53.522409878347986,65.75906118324465,93.79117690983743,72.20756662883167,72.0,Healthy Uptrend
2025-10-06,8139.89,8155.37,8176.31,8104.55,7994.916,7747.639500000001,0.002659423770986491,0.00204844120272063,0.04802976753767618,8176.31,-0.004454332088680624,73.59995527157504,80.95818313435981,53.33148678176841,72.21190701507047,95.54566791131937,73.37218256480865,73.0,Healthy Uptrend
2025-10-07,8169.28,8182.66,8217.05,8153.71,8021.95,7766.336833333334,0.0036106139026448325,0.013425033432327593,0.07087538997981269,8217.05,-0.005813521884374451,73.77439400644481,81.4564821325781,60.726271731012936,81.35015599192508,94.18647811562555,76.26286429163186,76.0,Healthy Uptrend
2025-10-08,8166.03,8201.14,8224.64,8044.93,8045.301000000001,7784.151500000001,-0.00039783187747266524,0.015193030177204303,0.060659747162297384,8224.64,-0.007126147770601499,71.2546130965142,81.77443585212856,61.875469615182794,77.26389886491896,92.8738522293985,75.07205686770065,75.0,Healthy Uptrend
2025-10-09,8250.94,8187.7,8272.63,8159.94,8070.4529999999995,7802.659333333333,0.010397953473107568,0.02228450219797118,0.06492597994295246,8272.63,-0.0026218989607897925,76.18196215255828,82.16041001063829,66.52300146531412,78.97039197718098,97.37810103921021,78.28266034198805,78.0,Healthy Uptrend
2025-10-10,8257.86,8259.08,8270.33,8194.05,8090.642999999999,7820.423333333334,0.0008386923186933792,0.017190791175492492,0.0514128998250587,8272.63,-0.001785405608615176,75.33397469150488,82.27653703316135,63.174014264070124,73.56515993002348,98.21459439138482,76.66036294719783,77.0,Healthy Uptrend
2025-10-13,8227.2,8169.65,8288.28,8133.63,8105.147,7836.093,-0.0037128263254644356,0.010726189174546708,0.03654726147519516,8288.28,-0.00736944215205082,71.29402711634975,82.16761146147705,58.97202296345536,67.61890459007806,92.63055784794918,73.13040706627189,73.0,Healthy Uptrend
2025-10-14,8066.52,8269.48,8284.91,7974.03,8110.588000000001,7848.669666666667,-0.019530338389731616,-0.012578831916643773,0.01367480553426259,8288.28,-0.026755852842809347,56.01551289088617,81.68552407331536,44.452700850013734,57.925749064847125,77.433110367893,62.548748452113806,63.0,Recovery / Constructive Trend
2025-10-15,8051.17,8107.3,8132.52,7936.37,8111.8875,7859.552666666667,-0.0019029271606592069,-0.014065586337547065,0.0032385566429662394,8288.28,-0.028607865564387325,54.51099800549912,81.05274778573063,43.560648197471764,53.403374545285374,76.04410082670951,60.9435322520405,61.0,Recovery / Constructive Trend
2025-10-16,8124.76,8064.68,8148.04,8030.78,8117.704,7872.553,0.00914028644284004,-0.015292803001839772,0.01452594328726109,8288.28,-0.01972906320732415,60.65190847067109,80.56998091978545,42.82431819889614,58.2945754244798,82.70320259450689,63.91743798404958,64.0,Recovery / Constructive Trend
2025-10-17,7915.66,8132.75,8140.6,7854.31,8110.931,7879.9935,-0.025736144821508655,-0.04143930752035041,-0.016824988324605772,8288.28,-0.04495745800093631,42.34496960542097,79.6534067572518,29.280346239824794,46.279503969634035,63.78190649929777,51.793028064279085,52.0,Repair Phase
2025-10-20,8088.98,7988.45,8117.27,7937.38,8113.378,7889.294833333333,0.02189583686009744,-0.016800369506028923,0.006087034392863622,8288.28,-0.02404600230687204,57.79476974120193,79.20172343666792,41.919778296382646,54.637714903574235,79.46549826984597,61.665024503324815,62.0,Recovery / Constructive Trend
2025-10-21,8238.08,8165.69,8238.08,8161.19,8119.022,7900.871166666667,0.018432484689046236,0.021268155288773682,0.0138925811056958,8288.28,-0.006056745187180024,70.99806109652118,78.80549237745443,65.84543685918246,58.02011847913485,93.94325481281997,72.26722204830868,72.0,Healthy Uptrend
2025-10-22,8152.55,8235.7,8261.84,8141.99,8120.321500000001,7909.8341666666665,-0.010382273539465525,0.01259195868426577,0.0031981551849737944,8288.28,-0.016376135941353342,62.976652463821786,78.30542011995416,60.18477314477275,53.38586724682198,85.21789804398499,67.03597528951141,67.0,Recovery / Constructive Trend
2025-10-23,8274.35,8179.88,8292.89,8179.61,8132.005500000001,7920.774833333334,0.014940110762890146,0.018411620774029025,0.029062254762352024,8292.89,-0.0022356500568557758,73.12817299496416,78.33396486526395,63.967553503118864,64.59364373035254,97.76434994314423,73.78093536929632,74.0,Healthy Uptrend
2025-10-24,8271.72,8294.89,8351.06,8271.72,8140.625000000002,7932.805333333334,-0.0003178497404631164,0.04498171978078891,0.021284476617201564,8351.06,-0.009500590344219795,72.0778502879077,78.09874993360916,81.65447985385927,61.22327320078735,90.49940965578021,75.71237048624256,76.0,Healthy Uptrend
2025-10-27,8117.15,8322.22,8354.67,7959.17,8140.3200000000015,7943.352166666667,-0.018686560957092313,0.0034825157189164457,-0.000750930969747321,8354.67,-0.02842960882955281,57.912694668841716,77.39828155673916,54.263635217295686,51.744683470285906,76.17779337783539,62.95558769162287,63.0,Recovery / Constructive Trend
2025-10-28,8092.63,8144.42,8151.33,8039.85,8141.8985,7952.599833333335,-0.003020764677257315,-0.017655813004971987,0.003916358394553621,8354.67,-0.031364494348669614,55.56243137477909,76.90168439465667,41.40651219701681,53.6970886376399,73.9766292384978,59.627679169997016,60.0,Recovery / Constructive Trend
2025-10-29,8166.22,8107.38,8169.14,8042.63,8148.018500000001,7964.292666666666,0.009093459110326219,0.0016767759780682567,0.015216650795268905,8354.67,-0.022556246985219075,61.67539199868033,76.53434718077928,53.08990438574437,58.59388201128319,80.5828147610857,65.10154904974885,65.0,Recovery / Constructive Trend
2025-10-30,8184.06,8176.36,8231.88,8145.6,8153.6675000000005,7975.4405,0.0021846092806707684,-0.010912035386465346,0.0139981266447613,8354.67,-0.020420914291049197,62.795597809206626,76.17348941415841,45.452778768120794,58.06585487939656,82.1843142817131,63.900917110006546,64.0,Recovery / Constructive Trend
2025-10-31,8163.88,8202.52,8215.55,8144.08,8155.9465,7986.442666666667,-0.002465768823786796,-0.013037191781153035,0.005614475937080421,8354.67,-0.022836329861023796,60.72954438825712,75.61197334082154,44.17768493130818,54.43293957273485,80.37275260423215,62.1596098342776,62.0,Recovery / Constructive Trend
2025-11-03,8275.08,8208.03,8282.16,8201.36,8162.706,7999.524333333334,0.013620974340632142,0.019456336275663233,0.016608332545034354,8354.67,-0.009526408583462875,70.32506867208005,75.19946060959542,64.64661857918111,59.19694410284822,90.47359141653712,70.75361022694004,71.0,Healthy Uptrend
2025-11-04,8241.91,8275.95,8317.08,8225.91,8166.3375,8011.333166666666,-0.004008420462400353,0.01844641358866017,0.008890624387950963,8354.67,-0.01349664319476418,66.94061138178537,74.51109916183535,63.99016883262911,55.85260390144542,87.37751760392686,68.62363431712977,69.0,Recovery / Constructive Trend
2025-11-05,8318.53,8213.6,8318.53,8181.9,8173.9625,8023.210000000001,0.00929638882249395,0.01865122418940479,0.018674925269684506,8354.67,-0.004325724415207288,73.26475684222939,74.09216199002638,64.12329572311312,60.09246761686329,95.67427558479271,71.90842439580679,72.0,Healthy Uptrend
2025-11-06,8337.06,8354.68,8362.92,8289.89,8178.2685,8032.299333333333,0.002227557032312033,0.018694877603536497,0.010437598625126165,8362.92,-0.003092221377222426,74.56220531277486,73.62958107719925,64.15167044229872,56.52295940422134,96.90777862277757,71.77561272450298,72.0,Healthy Uptrend
2025-11-07,8394.59,8346.58,8398.76,8332.6,8185.1050000000005,8040.660666666667,0.006900514090099064,0.02825984703351847,0.016557558495784663,8398.76,-0.0004965018645609609,77.79672038416125,73.47317770156702,70.50656468901231,59.17494201484002,99.50349813543903,74.6352145942125,75.0,Healthy Uptrend
2025-11-10,8391.24,8443.32,8478.15,8391.24,8193.306999999999,8048.327166666667,-0.0003990665416655492,0.014037326527356786,0.019938739789964854,8478.15,-0.010251057129208596,77.07894443598911,73.51024538991663,61.12426224278191,60.64012057565144,89.81170715309355,71.80328592848936,72.0,Healthy Uptrend
2025-11-11,8366.51,8437.96,8443.69,8338.4,8208.3065,8056.129333333333,-0.0029471210452804986,0.015117854963230704,0.03718951914828206,8478.15,-0.013167967068287267,74.45518938650741,74.16720986935505,61.826605726099956,67.87580765931283,87.62402469878455,72.18745404728637,72.0,Healthy Uptrend
2025-11-12,8388.57,8392.28,8428.95,8377.5,8225.1765,8064.889666666667,0.002636702758975984,0.008419756856079097,0.04190695265408628,8478.15,-0.01056598432441036,74.8987836309652,74.90598507464591,57.47284195645141,69.76278106163451,89.57551175669224,72.11266808415571,72.0,Healthy Uptrend
2025-11-13,8372.0,8412.83,8418.16,8354.84,8237.5385,8072.025833333333,-0.0019753068759037484,0.0041909258179742,0.030430437329841187,8478.15,-0.01252042013882737,72.24226448228427,75.25223841474742,54.72410178168323,65.17217493193648,88.10968489587947,70.0173540340872,70.0,Recovery / Constructive Trend
2025-11-14,8370.44,8378.13,8417.13,8360.94,8260.2775,8080.021333333333,-0.00018633540372670065,-0.0028768528302156593,0.05745320036484647,8478.15,-0.012704422545012695,70.00231227098608,76.15443630841905,50.273888301870606,75.98128014593858,87.97168309124048,70.28844074978954,70.0,Recovery / Constructive Trend
2025-11-17,8416.88,8397.84,8452.33,8392.0,8276.6725,8089.321833333333,0.005548095440621736,0.0030555674727452686,0.04053663131816365,8478.15,-0.007226812453188569,72.70506051797976,76.58012195130243,53.986118857284424,69.21465252726546,92.77318754681143,71.41328904844738,71.0,Healthy Uptrend
2025-11-18,8361.93,8427.4,8442.87,8341.9,8282.865000000002,8096.572166666667,-0.00652854739523423,-0.000547420609071203,0.015033842837165912,8478.15,-0.013708179260805586,67.15920759302475,76.50442616322844,51.67154763455728,58.51466522943856,87.21886555439582,67.10726468548135,67.0,Recovery / Constructive Trend
2025-11-19,8406.58,8384.36,8426.63,8375.58,8295.566499999999,8104.9191666666675,0.005339676366580504,0.002146969030478507,0.031159575838234588,8478.15,-0.008441700135052965,70.03670153207753,76.76121127261898,53.39552986981103,65.46383033529384,91.55829986494703,69.855823788529,70.0,Recovery / Constructive Trend
2025-11-20,8419.92,8449.54,8491.43,8419.92,8302.845,8112.9815,0.0015868522038688937,0.005723841376015226,0.01759292270691959,8491.43,-0.008421431961401105,70.57544130957521,76.7012161312089,55.7204968944099,59.623599839665154,91.5785680385989,69.59343258436643,70.0,Recovery / Constructive Trend
2025-11-21,8414.35,8403.9,8432.6,8361.27,8309.9765,8120.685833333334,-0.0006615264753109251,0.005245841317780275,0.017243088499127257,8491.43,-0.009077387436509543,69.42001761376821,76.65484483402113,55.40979685655718,59.47200501628848,90.92261256349046,69.0847378727395,69.0,Recovery / Constructive Trend
2025-11-24,8570.25,8458.29,8570.25,8429.46,8332.6315,8133.015166666667,0.018527872028142323,0.018221716360456774,0.05582008463561716,8570.25,0.0,79.25831083493856,77.27197596725648,63.844115634296905,75.32803385424687,100.0,77.1635154472921,77.0,Healthy Uptrend
2025-11-25,8521.88,8570.85,8574.38,8487.22,8354.094,8146.111999999999,-0.005643942708789207,0.01912835912283395,0.05304208891299855,8574.38,-0.006122891684296694,75.0421422119502,77.76572185602166,64.43343342984207,74.21683556519942,93.87710831570331,75.36099597990913,75.0,Healthy Uptrend
2025-11-26,8602.13,8533.89,8602.13,8503.15,8375.8895,8159.454499999999,0.0094169361690144,0.02326154036480932,0.05337965423414981,8602.13,0.0,78.50546112147255,78.26283515644344,67.17436024320621,74.35186169365993,100.0,77.70499842824286,78.0,Healthy Uptrend
2025-11-27,8545.87,8611.33,8622.27,8521.5,8393.98,8170.4546666666665,-0.0065402406148242775,0.014958574428260762,0.04420910892637653,8622.27,-0.00886077564260912,73.57133326503052,78.67887972289094,61.72307337836949,70.68364357055061,91.13922435739089,73.80220355722746,74.0,Healthy Uptrend
2025-11-28,8508.71,8555.66,8572.36,8495.21,8411.2215,8181.144,-0.004348299236941577,0.011214175783037073,0.04223849444136851,8622.27,-0.01317054557558528,68.69271781750119,79.06145033017381,59.2892142589741,69.89539777654741,87.62209081831104,71.47753952790184,72.0,Healthy Uptrend
2025-12-01,8548.79,8541.54,8553.62,8493.25,8424.907,8194.176333333333,0.0047104672741229425,-0.0025040109681746525,0.03307641738810996,8622.27,-0.008522117725378586,71.02828197391392,79.0789419998243,50.49759341909521,66.23056695524399,91.47788227462141,70.26011204669803,70.0,Recovery / Constructive Trend
2025-12-02,8617.04,8577.61,8625.64,8564.7,8443.663499999999,8210.650333333333,0.00798358598117388,0.011166550103967943,0.04551493525165906,8625.64,-0.0009970274669471868,75.26666327951142,79.18969004931836,59.258257567579165,71.20597410066362,99.00297253305281,74.81026637810368,75.0,Healthy Uptrend
2025-12-03,8611.79,8655.02,8669.19,8591.81,8458.3265,8225.863333333333,-0.0006092579354395333,0.0011229776811094716,0.03525382489454265,8669.19,-0.0066211491500358655,73.60761197856347,79.13001634276279,52.729935492721154,67.10152995781706,93.37885084996414,71.81388935647294,72.0,Healthy Uptrend
2025-12-04,8640.2,8646.65,8650.3,8606.9,8473.4835,8240.734999999999,0.0032989657202509015,0.01103808038268772,0.03636053956670593,8669.19,-0.0033440263738595544,74.75631303229663,79.12182893880231,59.17475224874702,67.54421582668238,96.65597362614045,73.83953133075538,74.0,Healthy Uptrend
2025-12-05,8632.76,8658.89,8689.1,8617.04,8485.392,8253.713333333333,-0.000861091178445017,0.014579178277318361,0.028371844247306877,8689.1,-0.00648398568321229,73.02544419868873,79.03481422907026,61.47646588025694,64.29446584049964,93.5160143167877,72.9574013006793,73.0,Healthy Uptrend
2025-12-08,8710.7,8676.73,8720.09,8642.06,8501.365000000002,8266.606333333333,0.009028398797140236,0.018939522435338807,0.03807065463507198,8720.09,-0.0010768237483786969,77.31184639172645,79.19921653460466,64.31068958297023,68.22826185402879,98.9231762516213,75.9820528710296,76.0,Healthy Uptrend
2025-12-09,8657.18,8743.21,8749.26,8626.85,8515.8985,8278.264333333334,-0.0061441675181099775,0.004658212100674852,0.03474208481194663,8749.26,-0.010524318628089668,72.44274165550485,79.35289796858774,55.027837865438656,66.89683392477865,89.60676102893275,71.5718157534962,72.0,Healthy Uptrend
2025-12-10,8700.92,8713.71,8720.88,8668.61,8531.516,8289.526666666667,0.005052453570331128,0.010349764683068141,0.03723519026484845,8749.26,-0.005525038688986239,74.89219500965599,79.59608871917895,58.72734704399429,67.89407610593938,94.47496131101376,73.74375763848268,74.0,Healthy Uptrend
2025-12-11,8620.48,8764.09,8776.97,8560.11,8543.939999999999,8299.727499999999,-0.009244999379376062,-0.0022823545751257113,0.02967988533205923,8776.97,-0.017829615459549197,66.71879718256457,79.71207940260688,50.63058725492458,64.86128364389234,84.1277884053381,68.21174784352365,68.0,Recovery / Constructive Trend
2025-12-12,8660.5,8651.77,8680.04,8585.42,8558.443,8309.883833333333,0.004642432903968263,0.003213340808733145,0.0346528975776661,8776.97,-0.013269955349055507,68.94353680920712,79.95563425746238,54.088671525676546,66.86115903106644,87.54753348820837,70.27363111574384,70.0,Recovery / Constructive Trend
2025-12-15,8649.66,8705.24,8720.68,8622.99,8570.081999999999,8320.044166666667,-0.0012516598348825125,-0.007007473566992384,0.02765632871087642,8776.97,-0.014505005713816854,66.96416907096109,80.02623233270084,47.79551585980457,63.98440910804645,86.62124571463735,67.91469791409516,68.0,Recovery / Constructive Trend
2025-12-16,8686.47,8696.7,8700.86,8611.35,8586.309,8329.398666666666,0.0042556586039219635,0.0033833188174439144,0.03881161406517375,8776.97,-0.010311075462260844,68.74889897393638,80.42190160506185,54.199157231338546,68.5246456260695,89.76669340330437,70.82534272395495,71.0,Healthy Uptrend
2025-12-17,8677.34,8708.33,8729.47,8660.75,8599.847,8338.578333333333,-0.001051059866666093,-0.0027100582467141088,0.03220810365213911,8776.97,-0.011351297771326485,66.75823069875547,80.66625965617241,50.37396505197154,65.88324146085564,88.98652667150513,69.04996602034291,69.0,Recovery / Constructive Trend
2025-12-18,8618.2,8705.14,8730.71,8618.2,8609.761,8348.203833333335,-0.006815452661760313,-0.0002644864323099183,0.023548917329380803,8776.97,-0.01808938620047673,60.73512493552374,80.66547558543674,51.841308140614046,62.204530842731685,83.93296034964246,66.47914366651311,67.0,Recovery / Constructive Trend
2025-12-19,8609.55,8657.24,8671.77,8562.89,8619.520999999999,8356.7075,-0.0010036898656333726,-0.005883032157496748,0.023198464527860008,8776.97,-0.019074919932505208,59.1516852657281,80.72470377837199,48.47018070550195,62.05266796207267,83.1938100506211,65.24799886478483,65.0,Recovery / Constructive Trend
2025-12-22,8645.84,8629.25,8648.79,8609.39,8623.3005,8365.417333333333,0.004215086735079199,-0.0004416358562070455,0.008820046089670575,8776.97,-0.014940235639406274,61.96034279450197,80.41364622892694,51.73501848627578,55.82201997219058,86.29482327044529,66.0413034157106,66.0,Recovery / Constructive Trend
2025-12-23,8584.78,8656.65,8667.73,8567.0,8626.4455,8374.146,-0.007062356000110959,-0.011706711702221817,0.007381000436523566,8776.97,-0.02189707837670618,56.458019702321224,80.06419281440752,44.97597297866691,55.198433522493545,81.07719121747036,62.336132860152695,62.0,Recovery / Constructive Trend
2025-12-24,8537.91,8597.39,8611.33,8525.1,8623.2345,8382.380833333333,-0.005459662332639947,-0.01606828820813755,-0.007465592824102751,8776.97,-0.02723719005533798,52.74387122372695,79.36666213666227,42.359027075117474,49.46169843980506,77.07210745849652,59.263097828127556,59.0,Recovery / Constructive Trend
2025-12-29,8644.26,8545.72,8652.18,8545.72,8628.154,8391.933833333333,0.012456210009241131,0.003023833283052113,0.011513163668532167,8776.97,-0.015120252205487628,61.40000978193011,79.07423910615124,53.96549163398387,56.989037589697276,86.15981084588428,66.14599776095663,66.0,Recovery / Constructive Trend
2025-12-30,8646.94,8627.4,8663.67,8584.87,8635.0655,8400.744499999999,0.00031003232202642117,0.004342851833138983,0.01624570587080787,8776.97,-0.014814907650362086,61.03136160345274,78.94644248494892,54.82285369154034,59.03980587735008,86.38881926222844,66.50544264840647,67.0,Recovery / Constructive Trend
2026-01-02,8748.13,8676.74,8748.13,8664.97,8645.032500000001,8410.881833333333,0.011702405706527141,0.011831123407326505,0.023317919845966317,8776.97,-0.0032858720036641476,68.94422606277051,78.9195075680829,59.69023021476223,62.10443193325207,96.71412799633585,71.33826834342572,71.0,Healthy Uptrend
2026-01-05,8859.19,8778.73,8859.19,8732.32,8657.140000000001,8422.380333333333,0.012695284592250111,0.03196470963728837,0.028101296965083122,8859.19,0.0,76.66955830678485,78.93665789097398,72.97647309152558,64.17722868486935,100.0,76.95691088581447,77.0,Healthy Uptrend
2026-01-06,8933.61,8890.72,8940.11,8839.01,8673.231,8435.173333333332,0.008400316507491068,0.046346236959630804,0.03736969898244147,8940.11,-0.0007270604052970198,80.01049608848193,79.1110121428053,82.5641579730872,67.94787959297659,99.27293959470298,80.41320935528012,80.0,Healthy Uptrend
2026-01-07,8944.81,8959.09,8970.87,8916.03,8688.4615,8446.737833333333,0.001253692516239191,0.03476873671083469,0.03525497094974628,8970.87,-0.0029049579360754807,79.7522377811078,79.30869949063373,74.84582447388979,67.10198837989851,97.09504206392452,78.49681356514596,79.0,Healthy Uptrend
2026-01-08,8925.47,8946.7,9002.92,8918.41,8703.097,8457.864666666666,-0.002162147658809954,0.03221139501372727,0.033906884935988035,9002.92,-0.00860276443642738,77.77550968350694,79.49729588957716,73.14093000915152,66.56275397439522,91.39723556357262,76.95929953179323,77.0,Healthy Uptrend
2026-01-09,8936.75,8969.15,8981.02,8908.17,8714.3995,8469.6905,0.001263798993218268,0.021561179360617633,0.025950842067801627,9002.92,-0.007349837608242704,77.75764899233734,79.44615951432925,66.04078624041175,63.24536489604737,92.65016239175729,75.1488127979487,75.0,Healthy Uptrend
2026-01-12,8884.72,8991.76,9000.97,8715.41,8725.7765,8483.327166666666,-0.005822027023246745,0.002881753297987677,0.02628338558283394,9002.92,-0.013129073678317837,73.66154920424562,79.2897549846942,53.87313964369199,63.38946708589471,87.65319474126163,70.969270973196,71.0,Healthy Uptrend
2026-01-13,8948.3,8931.24,8956.73,8841.02,8738.145499999999,8498.279333333334,0.0071561062138143505,0.001644352059245735,0.028431476211710827,9002.92,-0.006066920510234497,77.02512020428136,79.1126313491381,53.06882883850973,64.32030635840803,93.9330794897655,72.54081356900863,73.0,Healthy Uptrend
2026-01-14,9032.58,9007.05,9049.3,8979.6,8758.7505,8513.409666666666,0.009418548774627666,0.009812394002779223,0.04780476261182676,9049.3,-0.0018476567248294495,80.63176733941674,79.40908184495915,58.37805610180649,72.12190504473071,98.15234327517055,76.35093196765277,76.0,Healthy Uptrend
2026-01-15,9075.41,9072.3,9100.83,9041.0,8779.496000000001,8532.738833333333,0.0047417238485572,0.016799115340704773,0.047908319381098075,9100.83,-0.0027931518334042282,81.85256192382789,79.45943509384739,62.9194249714581,72.16332775243923,97.20684816659578,77.54969632442729,78.0,Healthy Uptrend
2026-01-19,9133.87,9098.7,9133.87,9026.0,8803.7065,8550.153666666667,0.006441582253584155,0.02205723557221595,0.055980235061262595,9133.87,0.0,83.75139181434548,79.82738458384824,66.3714903814773,75.39209402450504,100.0,79.66537587023691,80.0,Healthy Uptrend
2026-01-20,9134.7,9156.19,9174.47,9120.15,8826.118,8565.097333333333,9.087057293344358e-05,0.02813594575856082,0.05160093801049226,9174.47,-0.004334855310442864,82.48118481987215,80.2374606211909,70.42396383904054,73.6403752041969,95.66514468955714,79.50108411865273,80.0,Healthy Uptrend
2026-01-21,9010.33,9094.43,9105.23,8977.68,8842.7675,8579.393666666667,-0.013615115986294057,0.006932042957880302,0.03837466320323957,9174.47,-0.01789095173890143,74.21182621843215,80.34921018699808,56.505827922622196,68.34986528129583,84.08178619582392,72.31267440858036,72.0,Healthy Uptrend
2026-01-22,8992.18,9052.17,9109.71,8992.13,8861.466499999999,8591.3575,-0.002014354635179849,-0.0044726977231310805,0.04339421224849738,9174.47,-0.019869267652518285,71.06308137597789,80.71980912213222,49.31638136612135,70.35768489939895,82.59804926061129,70.17561062752166,70.0,Recovery / Constructive Trend
2026-01-23,8951.01,9031.49,9039.67,8837.83,8878.5395,8602.679,-0.004578422584957109,-0.013707369694592297,0.03966060943951777,9174.47,-0.024356720333708504,66.12182611791052,81.03340657020912,43.77557818324462,68.86424377580711,79.23245974971863,67.10289765591729,67.0,Recovery / Constructive Trend
2026-01-26,8975.33,8967.73,9058.05,8923.53,8895.014,8616.982,0.0027170118232466844,-0.01735737425647621,0.038109657361228066,9174.47,-0.021705886007584052,66.77199608679658,81.1327945213301,41.58557544611428,68.24386294449123,81.22058549431196,66.99055053669923,67.0,Recovery / Constructive Trend
2026-01-27,8980.23,8974.57,8980.23,8873.48,8914.7865,8631.775333333333,0.0005459409291914685,-0.016910243357745824,0.04606408085006253,9174.47,-0.02117179520996848,65.50575440028767,81.39356654556123,41.85385398535251,71.425632340025,81.62115359252364,67.24684896380322,67.0,Recovery / Constructive Trend
2026-01-28,8320.56,8393.51,8596.17,8187.73,8903.919,8634.347666666667,-0.07345802947140556,-0.07655324499768601,-0.02545704979321639,9174.47,-0.09307458632487764,23.793157821853498,80.61040531029501,13.493593834336064,43.34460307030643,40.097030128170886,40.50066091436007,41.0,Repair Phase
2026-01-29,8232.2,8027.83,8296.94,7481.99,8883.316,8635.15,-0.010619477535165789,-0.08451565693747232,-0.04766862634858271,9174.47,-0.10270566038147144,20.90116558576401,79.36952455950392,11.209760035942345,35.79266704148188,36.485377356948206,37.37212061471076,37.0,Bearish / Weak Trend
2026-01-30,8329.61,8308.72,8408.3,8167.16,8867.449499999999,8637.912166666667,0.011832802895945127,-0.06942233334562242,-0.03669853150363023,9174.47,-0.0920881533211182,25.73870592665917,78.28662117097612,16.583655550230283,39.52249928876572,40.46694250458068,40.58506732456076,41.0,Repair Phase
2026-02-02,7922.73,8306.16,8313.06,7820.23,8826.1795,8632.039666666667,-0.048847425029503344,-0.11727702491161884,-0.09435159285470152,9174.47,-0.13643730918516273,11.669571981852393,76.24530475010555,5.476520640466702,21.41210178632462,25.89067270370932,29.45838444849507,30.0,Bearish / Weak Trend
2026-02-03,8122.6,7888.77,8122.6,7712.35,8789.35,8630.051166666666,0.02522741529750494,-0.09550200830045552,-0.08314417006520913,9174.47,-0.11465185454854598,20.047049364666726,73.8439648494167,9.287148547420284,24.21395748369772,32.00555454429526,33.16518480822243,33.0,Bearish / Weak Trend
2026-02-04,8146.72,8121.03,8194.68,8050.4,8750.005500000001,8627.187666666667,0.0029694925270233874,-0.02089282452142638,-0.08808197358066894,9174.47,-0.11202281984681395,22.4212516209275,70.67710342686817,39.55358773928681,22.979506604832764,32.99144255744477,39.05243913732205,39.0,Bearish / Weak Trend
2026-02-05,8103.88,8154.6,8214.46,8102.79,8707.958999999999,8623.301333333333,-0.005258558045446504,-0.015587570758727964,-0.0940131763558979,9174.47,-0.11669229939168135,22.251637840738606,67.3629863489249,42.64745754476322,21.496705911025526,31.24038772811949,38.39427410787123,38.0,Bearish / Weak Trend
2026-02-06,7935.26,7945.04,8025.14,7861.69,8658.4485,8615.645833333334,-0.02080731698889915,-0.047343152920724996,-0.1109420568328614,9174.47,-0.1350715627169743,17.49199047227301,63.72601202753703,26.328423539637505,17.264485791784647,26.232109320756425,31.657668657337002,32.0,Bearish / Weak Trend
2026-02-09,8031.87,7970.02,8031.87,7863.01,8613.2045,8609.656333333334,0.01217477436152059,0.01377555463836333,-0.10125381150865809,9174.47,-0.12454125415419093,23.002637984503906,60.309086088569664,60.95411051493616,19.686547122835478,28.864686461452266,40.00833573505137,40.0,Bearish / Weak Trend
2026-02-10,8131.74,8031.58,8140.86,8011.13,8575.5555,8605.7435,0.012434215195216147,0.0011252554600742481,-0.0847499977489442,9174.47,-0.11365561171381011,29.298577217534174,57.66140678799764,52.73141604904826,23.81250056276395,32.379145607321206,40.56099771721603,41.0,Repair Phase
2026-02-11,8290.97,8152.79,8290.97,8118.16,8542.689,8604.116833333333,0.01958129502418915,0.01770651255965583,-0.07345864577629269,9174.47,-0.09629984075374387,38.39158919008593,55.24043086790311,63.50923316377629,27.18045140790244,38.88755971734605,45.99525478967678,46.0,Repair Phase
2026-02-12,8265.35,8317.24,8334.02,8220.15,8504.3275,8602.339333333333,-0.003090108877489506,0.0199250235689572,-0.08494029391380975,9174.47,-0.0990923726384193,39.392824809878725,52.404249624397956,64.95126531982218,23.76492652154756,37.84036026059276,45.257937917318955,45.0,Repair Phase
2026-02-13,8212.27,8240.01,8251.99,8170.59,8461.1705,8599.703166666666,-0.006421990599309146,0.03490874905170083,-0.09510754886005146,9174.47,-0.10487799295218136,38.42768523180886,49.260662918100664,74.93916603446722,21.223112784987137,35.67075264293199,45.58184668800254,46.0,Repair Phase
2026-02-18,8310.23,8235.81,8310.23,8227.45,8419.9885,8597.925666666666,0.011928492365691712,0.03465693543346693,-0.09017426348305824,9174.47,-0.09420053692474872,50.44065598585241,46.20309335335676,74.77129028897795,22.45643412923544,39.67479865321923,48.97317317659773,49.0,Repair Phase
2026-02-19,8274.08,8357.45,8376.2,8251.81,8376.9575,8596.4615,-0.0043500601066396305,0.017504248783163368,-0.09421436938268368,9109.71,-0.09172959402659353,50.99392589732011,42.97718194864259,63.37776170905619,21.44640765432908,40.601402240027426,45.99512697032002,46.0,Repair Phase
2026-02-20,8271.77,8300.22,8328.42,8236.75,8340.0295,8594.214666666667,-0.00027918511786195754,-0.002315772460881993,-0.08196814101148342,9109.71,-0.09198316960693576,53.997986857640434,40.28245926471576,50.610536523470806,24.507964747129144,40.50631139739909,44.118944029974514,44.0,Repair Phase
2026-02-23,8396.08,8334.54,8397.07,8327.57,8310.2245,8593.817333333334,0.015028222496515253,0.015816632084545645,-0.06629093278826714,9058.05,-0.0730808507349815,67.7484820055102,38.87513695892686,62.280810854954666,29.56968907057762,48.45957463250925,51.780901836213275,52.0,Repair Phase
2026-02-24,8280.83,8428.05,8437.09,8259.48,8276.7155,8591.591999999999,-0.013726643862373877,0.00834848342784622,-0.0748719976851775,9058.05,-0.08580433978615698,60.37283811434613,37.5064833735122,57.42651422810005,26.709334104940837,42.82337258019113,47.26251249706213,47.0,Repair Phase
2026-02-25,8322.23,8318.14,8373.48,8259.75,8244.060500000001,8587.458333333334,0.004999498842507277,0.0014440033549010245,-0.07276612670509053,8980.23,-0.07327206541480569,67.11143798617175,36.25438866758212,52.93860218068566,27.41129109830316,48.36396729259716,48.732839392889375,49.0,Repair Phase
2026-02-26,8235.26,8351.36,8358.96,8139.82,8206.812,8582.681333333334,-0.010450324011713086,-0.0046917602923829405,-0.08295667260192663,8596.17,-0.04198497703046822,62.59979149028888,34.82727678265576,49.18494382457024,24.260831849518343,66.01126722714883,47.563996907807294,48.0,Repair Phase
2026-02-27,8235.49,8211.3,8246.95,8093.75,8202.558500000001,8576.570666666668,2.792868713297203e-05,-0.004386002028586411,-0.010224071456728878,8437.09,-0.023894494428766344,63.01108794286553,34.8967781878009,49.36839878284815,48.52381570471218,79.57912917842525,52.73768595992887,53.0,Repair Phase
2026-03-02,8016.83,8092.9,8133.69,8016.83,8191.789999999999,8567.753333333334,-0.026550939895501058,-0.04516988880525197,-0.026161900828454265,8437.09,-0.04981101303885582,44.33748912020457,34.79454843471212,27.415055597374018,43.10495371832555,60.14174022085813,39.962812044048846,40.0,Bearish / Weak Trend
2026-03-03,7939.77,8059.87,8098.39,7932.52,8172.298000000001,8558.271,-0.009612278169800259,-0.04118669263829833,-0.04680171100447683,8437.09,-0.05894449389540701,39.13432264299059,34.33772005466993,29.406653680850837,36.087418258477875,55.5277530522965,37.17194558673616,37.0,Bearish / Weak Trend
2026-03-04,7577.06,7896.38,7897.81,7486.32,8155.0145,8542.0755,-0.04568268350342641,-0.08953970269987721,-0.0436301628352852,8437.09,-0.1019344347399399,21.70964756306278,34.257891349122325,10.330552027521488,37.16574463600303,36.774586972522535,26.39579790435642,26.0,Bearish / Weak Trend
2026-03-05,7710.54,7695.35,7765.61,7678.53,8134.411499999999,8526.967166666665,0.017616331400305496,-0.06371626396737928,-0.050730061802871096,8437.09,-0.08611381412311592,29.156623684454665,33.986139107529105,19.056285614135646,34.75664606570963,42.70731970383153,30.539007885285404,31.0,Bearish / Weak Trend
2026-03-06,7585.69,7699.47,7700.32,7500.08,8106.359999999999,8509.8655,-0.016192121433777684,-0.0789024089641297,-0.06886575210636925,8437.09,-0.10091157022148634,24.30807415412102,33.468924317898995,12.475622782210465,28.711415964543583,37.15816116694262,26.177306393528948,26.0,Bearish / Weak Trend
2026-03-09,7337.37,7374.31,7403.73,7156.68,8068.0345,8488.151666666667,-0.0327353213748518,-0.08475419835521025,-0.09458555654822132,8437.09,-0.13034351891469687,15.145704198463726,32.68954730230823,11.168015287838205,21.35361086294467,27.414120271325782,20.894154799258096,21.0,Bearish / Weak Trend
2026-03-10,7440.91,7443.05,7499.82,7372.82,8043.317,8468.2875,0.01411132326705622,-0.06283053539334271,-0.06229789572112321,8437.09,-0.11807151517881165,20.368218402101196,32.43109033260856,19.440101329551492,30.900701426292265,30.72318180794563,25.813681764431205,26.0,Bearish / Weak Trend
2026-03-11,7389.4,7484.77,7527.32,7380.81,8011.193499999999,8446.265833333333,-0.006922540388205278,-0.02476686208107115,-0.07999008948102992,8437.09,-0.12417670073449505,19.46147042052267,31.93352000524095,37.61656895946442,25.00330350632336,28.955824816376236,27.991212926946055,28.0,Bearish / Weak Trend
2026-03-12,7362.12,7398.85,7436.5,7323.74,7972.7125,8424.6815,-0.00369177470430615,-0.0451874965955692,-0.09464395074116982,8437.09,-0.12741004303616532,19.80490328730655,31.131924913125772,27.4062517022154,21.339012314707546,28.14748924095867,25.221303326218486,25.0,Bearish / Weak Trend
2026-03-13,7137.21,7338.82,7350.28,7132.21,7915.0244999999995,8398.619666666667,-0.030549624293002564,-0.05912184652945207,-0.13915862679517588,8437.09,-0.1540673383832577,12.576454311670203,29.657381843976758,21.047199837237436,12.605171650603015,21.483165404185574,19.43581400995175,19.0,Breakdown
2026-03-16,7022.29,7115.45,7120.19,6917.32,7852.871500000001,8371.983166666667,-0.016101529869514852,-0.042941817027081886,-0.15039411519173418,8437.09,-0.16768814840187796,11.192498056284236,27.99781815435649,28.52909148645906,11.200735601033228,18.077962899530508,19.550928882874242,20.0,Breakdown
2026-03-17,7106.84,7074.61,7148.25,7059.89,7797.6,8346.088833333333,0.012040231890166897,-0.04489639036085635,-0.13460711837287376,8437.09,-0.15766692070370236,15.804589446325345,26.605724506726574,27.551804819571824,13.17411020339078,20.583269824074407,20.93761243740967,21.0,Bearish / Weak Trend
2026-03-25,7302.12,7084.62,7302.12,7057.22,7747.1945000000005,8323.629833333332,0.027477753825891682,-0.011811513790023542,-0.12130951850911464,8437.09,-0.13452149971139338,27.020094177317944,25.280170210796896,44.91309172598587,14.83631018636067,26.369625072151656,28.27109818626105,28.0,Bearish / Weak Trend
2026-03-26,7164.09,7313.67,7323.7,7152.59,7691.695,8298.256833333335,-0.018902729618247793,-0.026898502061906027,-0.13415267921025653,8437.09,-0.15088140579275555,22.562354591543258,23.96830320247374,36.550748969046985,13.230915098717933,22.27964855181111,24.283534091879613,24.0,Bearish / Weak Trend
2026-03-27,7097.06,7136.37,7154.56,7070.21,7632.9595,8271.918833333333,-0.009356387203399152,-0.005625447478776691,-0.1420143451764253,8437.09,-0.15882608814176447,21.930462314999435,22.58520297376387,48.62473151273399,12.248206852946836,20.293477964558882,25.81696456488551,26.0,Bearish / Weak Trend
2026-03-30,7091.67,7020.53,7104.64,6945.5,7567.739,8246.476666666666,-0.0007594694140954372,0.009879967930689348,-0.15535940581795316,8437.09,-0.1594649339997558,24.836922890707537,20.897872343865675,58.421979154948076,10.580074272755855,20.133766500061046,27.96032857508778,28.0,Bearish / Weak Trend
2026-03-31,7048.22,7122.99,7155.55,7031.1,7506.1085,8220.4545,-0.006126906638351692,-0.008248391690258927,-0.14885102097253533,8373.48,-0.1582687245924036,25.59915367596939,19.367132822968237,47.050964985844644,11.393622378433083,20.4328188518991,25.684047547656675,26.0,Bearish / Weak Trend
2026-04-01,7184.44,7149.25,7207.17,7136.25,7449.219,8196.097833333335,0.019326865506468227,-0.016115867720607246,-0.13671696167974212,8358.96,-0.14051030271708442,35.782187367561576,17.95795029451711,42.330479367635654,12.910379790032234,24.872424320728893,28.114039058002607,28.0,Bearish / Weak Trend
2026-04-02,7026.78,7153.11,7161.8,7019.23,7388.795000000001,8170.131166666667,-0.021944647042775767,-0.01916642588242201,-0.1467446079419472,8246.95,-0.14795409211890465,30.401946460823396,16.45558454620488,40.50014447054679,11.656924007256599,23.01147697027384,25.384195267023475,25.0,Bearish / Weak Trend
2026-04-06,6989.43,7001.56,7009.23,6934.89,7326.492,8144.323166666667,-0.005315379163713607,-0.015165434701129743,-0.15130368684801987,8133.69,-0.14068153568675468,31.59763226384471,14.916534500646753,42.90073917932215,11.087039143997517,24.82961607831133,25.93458861961029,26.0,Bearish / Weak Trend
2026-04-07,6971.03,7001.28,7022.04,6942.63,7274.202,8116.436000000001,-0.002632546573898109,-0.017011507867681464,-0.13045056462467086,8098.39,-0.13920791663528187,33.32892047815004,14.246211021684877,41.793095279391125,13.693679421916142,25.19802084117953,26.49270195214983,27.0,Bearish / Weak Trend
2026-04-08,7279.21,7162.41,7281.86,7118.58,7241.173999999999,8093.6404999999995,0.044208675045151136,0.03277281356143824,-0.08319636463020974,7897.81,-0.07832551048961678,63.939554552894464,13.934905744825203,73.51520904095882,24.200908842447564,45.83724475519161,45.5824954121527,46.0,Repair Phase
2026-04-09,7307.59,7238.46,7308.58,7191.59,7227.700499999999,8069.6315,0.0038987747296752584,0.017141210727628087,-0.035563925849867895,7765.61,-0.0589805565821615,68.2899291413639,14.133347043170412,63.14178697295826,39.90826521104492,55.50972170891925,48.185884850342084,48.0,Repair Phase
2026-04-10,7458.5,7346.49,7488.02,7346.49,7215.0985,8046.286666666667,0.020651131221100183,0.06143923674855345,-0.03268772355762373,7700.32,-0.031403889708479626,81.8675105405699,14.339832121318079,90.71961837427672,40.88617399040793,73.94708271864027,59.81676923778105,60.0,Recovery / Constructive Trend
2026-04-13,7500.19,7410.08,7527.87,7351.36,7210.8235,8022.396333333334,0.005589595763223043,0.07307605913500814,-0.011271222525571223,7527.87,-0.0036770029238019086,85.06473324440671,14.767321393453972,96.53802956750407,48.16778434130578,96.32299707619809,65.376323594002,65.0,Recovery / Constructive Trend
2026-04-14,7675.95,7598.8,7686.35,7592.74,7227.7525000000005,8001.248666666667,0.02343407300348388,0.101121355093867,0.04614459949545946,7686.35,-0.0013530479356261838,94.00354397857426,16.10935601468203,100.0,71.45783979818378,98.64695206437382,72.81177337340773,73.0,Healthy Uptrend
2026-04-15,7623.59,7750.9,7773.58,7623.59,7236.8865000000005,7979.550666666666,-0.006821305506158781,0.04731007897835071,0.024550760592454424,7773.58,-0.019294842273444135,91.14502164247934,17.309691456310965,83.20671931890047,62.63866292339692,83.0288682949169,66.01095948860285,66.0,Recovery / Constructive Trend
2026-04-16,7621.38,7663.34,7705.03,7575.53,7248.485500000001,7957.627833333333,-0.0002898896714015331,0.04294028537452155,0.03139361788507866,7773.58,-0.019579138569359222,90.48149023682251,18.62840333049842,80.29352358301436,65.55744715403146,82.81564607298058,65.975434300677,66.0,Recovery / Constructive Trend
2026-04-17,7634.0,7645.81,7673.86,7607.96,7262.0795,7936.7825,0.00165586809737861,0.023530200442448246,0.03692958006661118,7773.58,-0.017955690942911717,90.40468321321275,19.996787636131696,67.35346696163217,67.77183202664447,84.03323179281621,64.16039324860147,64.0,Recovery / Constructive Trend
2026-04-20,7594.11,7663.4,7692.15,7570.42,7284.924499999999,7914.212666666667,-0.005225307833377046,0.01252234943381425,0.06401661153307803,7773.58,-0.023087174763751106,86.22091313369145,21.82877361816319,60.139527131979264,78.60664461323121,80.18461892718668,63.16083135574744,63.0,Recovery / Constructive Trend
2026-04-21,7559.38,7560.29,7568.99,7511.83,7311.7789999999995,7889.659333333333,-0.004573281134984786,-0.01518639386655718,0.07648359723110265,7773.58,-0.02755487175792881,81.93165233796046,23.91823888636002,42.888163680065695,83.59343889244106,76.8338461815534,59.35908861101278,59.0,Recovery / Constructive Trend
2026-04-22,7541.61,7528.34,7578.05,7513.94,7333.5175,7864.0960000000005,-0.0023507218845990607,-0.010753463919229711,0.06117627525032221,7773.58,-0.029840819802459118,79.18776869353621,25.94932494465987,45.54792164846217,77.47051010012888,75.11938514815566,58.485761203753164,59.0,Recovery / Constructive Trend
2026-04-23,7378.61,7564.42,7582.5,7378.61,7337.342,7834.841666666666,-0.02161342206770167,-0.03185381125203057,0.010475040125333512,7773.58,-0.050809279636924054,64.21828504109529,27.438111650841684,34.073094373984716,56.53918405431119,59.59536018153798,47.380045926136425,47.0,Repair Phase
2026-04-24,7129.49,7378.07,7383.4,7115.97,7335.611999999999,7801.4214999999995,-0.033762456614457204,-0.06608724128897048,-0.004829643402023187,7773.58,-0.08285629015202778,39.39420278317164,28.859393044588064,18.028862108112794,50.35792124331212,43.92889119298958,34.585458823516845,35.0,Bearish / Weak Trend
2026-04-27,7106.52,7158.51,7230.03,7106.52,7336.085000000001,7769.691333333334,-0.003221829331410686,-0.06420633885998484,0.001332946318616468,7773.58,-0.08581117065753485,37.482969458505444,30.322222045371685,18.843919827339906,52.57761007140047,42.82081100342443,34.76295292541505,35.0,Bearish / Weak Trend
2026-04-28,7072.39,7128.47,7151.51,7032.98,7335.120999999999,7737.694833333333,-0.004802631949252234,-0.0644219499482761,-0.0027186826234159023,7773.58,-0.0902016831369844,35.672710784184815,31.73964313639575,18.750488355747024,51.07564790803859,41.17436882363085,34.16560575907266,34.0,Bearish / Weak Trend
2026-04-29,7101.23,7096.61,7126.06,7063.99,7337.7715,7706.865166666667,0.00407782941834367,-0.058393366933585766,0.0075210478674048176,7773.58,-0.0864916807957209,37.105540149349146,33.29067127077238,21.362874328779505,55.25912074254209,42.56561970160467,36.27233480979552,36.0,Bearish / Weak Trend
2026-04-30,6956.8,7103.26,7109.0,6876.58,7326.389499999999,7673.223,-0.020338730050991072,-0.0571665937080289,-0.03168514177862147,7773.58,-0.10507127989935139,29.82146594854127,34.299813292276255,21.894476059854142,41.2270517952687,35.59827003774323,31.644173092666904,32.0,Bearish / Weak Trend
2026-05-04,6971.95,6988.92,7069.69,6946.06,7323.647999999999,7639.751666666667,0.002177725390984264,-0.022096952236415168,-0.00780300507487075,7773.58,-0.10312237090246712,30.79110301314323,35.73393610525294,38.95152388179241,49.34697827454394,36.32911091157483,36.996077538953756,37.0,Bearish / Weak Trend
2026-05-05,7057.11,6968.57,7069.21,6921.61,7327.031999999999,7618.694166666667,0.012214660173982761,-0.006952770132216735,0.009683193050076921,7773.58,-0.09216731544539325,35.26431985011125,36.89408675458705,47.82833792066996,56.1960503217,40.43725670797753,41.84161844686688,42.0,Repair Phase
2026-05-06,7092.47,7086.34,7127.72,7049.92,7333.103999999999,7599.698666666666,0.005010549644259621,0.0028392099417593464,0.017420668107869464,7773.58,-0.08761857471075096,36.87409860817472,38.09513631593113,53.845486462143576,59.54895618007677,42.14303448346839,44.50175782922227,45.0,Repair Phase
2026-05-07,7174.32,7160.79,7207.08,7107.17,7327.8595000000005,7580.443833333334,0.011540408348572395,0.010292583115882659,-0.014409530704568296,7773.58,-0.07708932049326056,44.63458076218108,38.754804852785355,58.69017902532373,47.100759560446775,46.45533975336972,46.5277591563194,47.0,Repair Phase
2026-05-08,6969.4,7182.96,7186.83,6969.4,7310.95,7564.554999999999,-0.0285629857603229,0.0018111775528977248,-0.04627927948886024,7773.58,-0.10345040509006154,31.31296206375369,38.67796172411997,53.17726540938352,36.26504497378752,36.20609809122692,38.75919868722362,39.0,Bearish / Weak Trend
2026-05-11,6905.62,6959.94,7001.68,6846.63,7283.306,7544.272,-0.009151433408901788,-0.009513837592065366,-0.07412750553060266,7773.58,-0.11165511900565761,29.257441606874714,38.278271250029164,46.29169744476078,26.957498156465782,33.12933037287839,34.961697544279566,35.0,Bearish / Weak Trend
2026-05-12,6858.9,6946.85,6977.29,6762.88,7251.241500000001,7522.808333333333,-0.006765504038739545,-0.02808656801438547,-0.08550316725309626,7773.58,-0.11766521988581846,28.357278543267306,37.71282638243478,35.95671599280726,23.624208186725937,30.875542542818074,31.75791883944104,32.0,Bearish / Weak Trend
2026-05-13,6723.32,6763.94,6787.35,6705.43,7203.609999999999,7499.798999999999,-0.019767018034961836,-0.05204815811698893,-0.1241058110071066,7773.58,-0.1351063473972095,23.33059396608093,36.44015309610295,24.112464815971464,14.486773624111674,26.223413150697624,25.72706678573082,26.0,Bearish / Weak Trend
2026-05-18,6599.24,6628.98,6631.28,6398.79,7152.3925,7477.532000000001,-0.01845516798248481,-0.08015811951515961,-0.134365830271565,7705.03,-0.1435153399792084,19.553964168866084,34.94417710281945,11.972329084847068,13.204271216054373,24.1211650051979,21.389456526262048,21.0,Bearish / Weak Trend
2026-05-19,6370.68,6599.21,6635.13,6323.26,7089.8575,7449.8455,-0.03463429122141326,-0.08590696473154069,-0.16410413862056472,7692.15,-0.17179462178974658,11.798748423363946,33.12942286856822,10.966281171980379,9.48698267242941,17.051344552563354,17.14341833466806,17.0,Breakdown
2026-05-20,6318.5,6352.2,6459.56,6215.56,7024.0824999999995,7419.624833333333,-0.008190648408019308,-0.08502060640463849,-0.17232119465548856,7692.15,-0.17857816085229739,11.936732662237386,31.258642171013605,11.121393879188265,8.45985066806393,15.355459786925651,16.424482696164425,16.0,Breakdown
2026-05-21,6094.94,6366.48,6378.81,6080.95,6949.124000000001,7383.024333333334,-0.03538181530426532,-0.11138229162110547,-0.1974122049851793,7582.5,-0.19618331684800527,8.791246781608711,29.21125034217009,6.508098966306543,5.323474376852588,12.688097593142103,13.309137329128543,13.0,Breakdown
2026-05-22,6162.04,6065.63,6171.97,5966.86,6879.2570000000005,7347.969166666667,0.011009132165370028,-0.08348256516125963,-0.18484849286581706,7582.5,-0.18733399274645568,11.403891728423572,27.32950462049438,11.390551096779566,6.893938391772869,13.952286750506332,14.960973326823144,15.0,Breakdown
2026-05-25,6206.35,6187.65,6239.59,6124.58,6812.494000000001,7314.537166666666,0.007190800449202062,-0.05953564349834217,-0.17705238006208213,7582.5,-0.18149027365644577,15.674885193782682,25.511367027027482,20.86788781738506,7.868452492239735,14.78710376336489,17.912863128541137,18.0,Breakdown
2026-05-26,6130.19,6201.8,6286.87,6124.79,6750.072999999999,7278.203166666667,-0.012271302778605886,-0.03774950240790631,-0.16919446887692946,7383.4,-0.16973345613132163,14.722158214683995,24.14557917786434,31.125248796046847,8.850691390383819,17.566635967169592,19.762359323355184,20.0,Breakdown
2026-05-29,6127.38,6112.77,6230.5,6111.97,6699.967500000001,7242.4248333333335,-0.0004583870973002835,-0.030247685368362753,-0.14055844106661197,7230.03,-0.15250974062348288,16.84625485123618,23.366679861296035,34.876157315818624,12.430194866673503,21.87256484412928,21.92256359827254,22.0,Bearish / Weak Trend
2026-06-02,6195.43,6210.0,6264.26,6143.63,6654.4130000000005,7207.819166666666,0.011105888650614126,0.016487446964203123,-0.1282048034762444,7207.08,-0.14036891501134985,22.410308768031054,22.740471198928336,62.71684052673203,13.974399565469449,24.907771247162536,29.538515595024474,30.0,Bearish / Weak Trend
2026-06-03,5941.07,6207.1,6213.8,5842.0,6597.847,7166.9023333333325,-0.04105606874744783,-0.03585987757301157,-0.15996289797366947,7207.08,-0.17566198793408705,12.151953609513338,21.866513738362194,32.07006121349422,10.004637753291316,16.084503016478237,18.635372724784915,19.0,Breakdown
2026-06-04,5839.79,5919.56,5924.51,5644.23,6534.775,7126.218333333334,-0.01704743421639532,-0.059062089634003945,-0.1776368319291165,7207.08,-0.1897148359668548,11.110749796282203,20.66820036152879,21.073094491931624,7.795396008860438,13.612166290449315,15.245419958027181,15.0,Breakdown
2026-06-05,5594.77,5846.49,5860.67,5594.11,6466.673499999999,7080.760666666666,-0.04195698817936944,-0.0873415016500303,-0.19578398114075435,7207.08,-0.2237119610161119,7.1237586063375815,19.42461407865688,10.715237211244698,5.527002357405708,8.755434140555442,10.840922311480835,11.0,Breakdown
2026-06-08,5342.14,5486.31,5523.94,5317.91,6385.182999999999,7032.542,-0.045154671237602306,-0.1281526525203267,-0.23376673670924197,7207.08,-0.25876499220211235,5.0,17.64935969573063,5.0,5.0,5.0,8.162339923932658,8.0,Breakdown
2026-06-09,5746.65,5344.69,5746.65,5318.15,6319.66,6991.061333333333,0.0757205913734944,-0.07243726424154584,-0.1856935771158449,7207.08,-0.2026382390649195,15.109660962773292,16.320962997320773,15.277185495330137,6.788302860519391,11.76596584786864,13.863418151092983,14.0,Breakdown
2026-06-10,5902.38,5744.06,5942.94,5677.96,6260.155499999999,6955.820500000001,0.027099266529195365,-0.006512294923304962,-0.16779626843680695,7207.08,-0.1810303201851512,27.139513547227438,14.997614947079155,48.092623046017025,9.025466445399132,14.852811402121256,24.348883517163422,24.0,Bearish / Weak Trend
2026-06-11,5886.03,5899.27,6010.49,5784.51,6195.741,6921.5914999999995,-0.0027700690230043623,0.007918092945123023,-0.17956963168634799,7186.83,-0.1809977417025309,30.004909824345475,14.026485454970887,57.14676041432996,7.553796039206503,14.857465471067012,26.55626234690003,27.0,Bearish / Weak Trend
2026-06-12,6007.66,5960.42,6074.07,5952.85,6147.654,6895.434833333334,0.0206641828193197,0.07379928039937278,-0.13799466238126668,7001.68,-0.14196878463454488,43.3005782910575,13.310843292478861,96.89964019968639,12.750667202341665,24.50780384136378,40.06119281486187,40.0,Bearish / Weak Trend
2026-06-15,6254.97,6118.73,6345.8,6118.08,6115.121499999999,6871.175333333334,0.04116577835629842,0.17087347018236132,-0.09422035964909736,6977.29,-0.10352443427175873,76.43464606549527,12.993464097311605,100.0,21.44491008772566,36.17833714809048,53.013330071944374,53.0,Repair Phase
2026-06-17,6220.74,6321.96,6377.19,6179.67,6083.2135,6848.426166666667,-0.005472448309104649,0.0824984991255775,-0.09304115820321046,6787.35,-0.08348029790713618,76.303770614002,12.652889932837834,100.0,21.739710449197386,43.69488828482393,53.68479906327206,54.0,Repair Phase
2026-06-18,6172.34,6191.89,6197.17,6073.72,6055.6645,6829.009000000001,-0.007780424836916433,0.045737482168210164,-0.08195058393769739,6635.13,-0.06974844501916311,74.45037534691696,12.351194001940815,82.15832144547343,24.512354015575653,50.12577749041845,50.54400624503317,51.0,Repair Phase
2026-06-19,6177.14,6161.46,6215.06,6117.31,6034.5595,6807.946166666667,0.0007776629284841352,0.04945778393925959,-0.06396191076548197,6635.13,-0.06902502287068979,76.81366262110761,12.279883015134509,84.63852262617306,30.346029744839345,50.48748856465511,52.64242738354194,53.0,Repair Phase
2026-06-22,6116.69,6217.05,6226.72,6052.94,6021.86,6786.734333333332,-0.009786082232230542,0.01814849708538757,-0.03986858545712557,6459.56,-0.0530794667129032,71.81071961154862,12.459723756192433,63.79652310550192,38.44468094457731,58.4602666435484,49.03018024965451,49.0,Repair Phase
2026-06-23,6101.33,6096.5,6121.77,5993.04,6011.0015,6765.721166666666,-0.0025111620827603653,-0.02456286760767845,-0.03437049932737202,6378.81,-0.04350027669737777,71.27039728737373,12.689897408571419,37.71856619616077,40.31403022869352,64.87479247696668,44.63189055958782,45.0,Repair Phase
2026-06-24,5883.88,6128.27,6171.38,5876.93,6000.4485,6744.832333333334,-0.0356397703451542,-0.05415111385462179,-0.03462872481107271,6377.19,-0.07735538693374344,45.75380379205538,12.927284280899102,23.201183996330556,40.22623356423528,46.32230653312828,32.26436469505562,32.0,Bearish / Weak Trend
2026-06-25,5999.04,5873.07,6056.2,5864.0,5992.2985,6727.778166666666,0.01957211907788725,-0.0280768719804807,-0.02645227879079004,6377.19,-0.05929727670023943,60.843770549814884,13.136030991311191,35.961564009759655,43.00622521113139,55.35136164988029,40.71552166138193,41.0,Repair Phase
2026-06-26,5896.13,6010.34,6045.26,5830.14,5976.7875,6707.599666666666,-0.01715441137248619,-0.045491926684517514,-0.04998429028333884,6377.19,-0.07543447819494153,50.10357431423928,13.20942802241382,27.254036657741246,35.00534130366479,47.28276090252923,33.763313917226135,34.0,Bearish / Weak Trend
2026-06-29,5820.79,5932.03,5942.77,5800.29,5961.317499999999,6682.910833333333,-0.012777872943778412,-0.048375837258386456,-0.050471518827311934,6377.19,-0.08724845896076483,42.71296571605192,13.40481935703414,25.812081370806773,34.84282705756269,42.281827889713185,30.782117675841185,31.0,Bearish / Weak Trend
2026-06-30,5643.19,5801.45,5811.67,5638.57,5937.108,6657.5625,-0.030511322346279512,-0.07508854626778105,-0.0790207233760597,6377.19,-0.11509771545147629,30.197901065636625,13.35680851663054,14.128296617294879,25.326425541313434,31.83835670569639,22.20703127407425,22.0,Bearish / Weak Trend
2026-07-01,5695.12,5640.61,5737.74,5607.45,5912.0925,6634.196833333333,0.00920224199433295,-0.03208087180567931,-0.0807546853083645,6377.19,-0.10695463048772258,35.32008760011789,13.230843869294288,33.959564097160346,24.81132867290888,34.89201356710403,27.906550724437743,28.0,Bearish / Weak Trend
2026-07-02,5744.56,5709.84,5806.71,5704.5,5902.267,6611.745,0.00868111646462233,-0.042420120552621676,-0.033076533351736215,6377.19,-0.09920199962679477,40.405528926427856,13.538857744816239,28.789939723689162,40.753978660409686,37.799250139951965,31.1573828719269,31.0,Bearish / Weak Trend
2026-07-03,5875.78,5806.17,5899.3,5805.92,5904.066499999999,6592.204333333332,0.02284248053810889,-0.0034514164375616385,0.006162892843749379,6377.19,-0.0786255388345023,56.486585418146475,14.122678893499112,49.92915013746302,54.670586898958064,45.68723058274885,43.23178646942992,43.0,Repair Phase
2026-07-06,5916.07,5893.28,5935.68,5857.35,5920.1315,6571.064833333333,0.006856961969304409,0.016368912123612134,0.05742863424233691,6377.19,-0.07230770919480212,59.4968974365968,15.313148130304336,62.63979288034788,75.97145369693476,48.84614540259894,50.485647434424806,51.0,Repair Phase
2026-07-07,5986.5,5933.57,5987.01,5890.44,5952.3495,6553.726833333333,0.011904862518530068,0.06083615827218303,0.12061832898426461,6377.19,-0.061263660013266,64.30298573697668,17.74629237038949,90.4180791360915,100.0,54.368169993367005,62.24790164024538,62.0,Recovery / Constructive Trend
